exp_id,seed,method,subset,n_deleted,nested,alpha,BA,ASR,run_id,checkpoint_sha256
cifar10_dirichlet,0,federaser,0-1-2-3,4,True,1.0,0.4713,0.0044444444444444444,cifar10_dirichlet/seed0/federaser_del0-1-2-3,b0067ca2050e8def2fa02c526329c990f6e5cbabea4baa5c31abd0184891dda2
cifar10_dirichlet,0,federaser,0-1-2,3,True,0.75,0.4463,0.01877777777777778,cifar10_dirichlet/seed0/federaser_del0-1-2,b124b8e88694846f3fedb6d27d3406cb83cb982debc2897a83d7afd32308a398
cifar10_dirichlet,0,federaser,0-1-3,3,False,0.75,0.4971,0.1928888888888889,cifar10_dirichlet/seed0/federaser_del0-1-3,ed15c1bd3125827361c651764c244361ae8cfc00a09b4d8d079ba4c92c13437f
cifar10_dirichlet,0,federaser,0-1,2,True,0.5,0.4908,0.372,cifar10_dirichlet/seed0/federaser_del0-1,78f0452398cb91cdae7099024bf57bf9f0d819347c381070ca4334a1428a70b7
cifar10_dirichlet,0,federaser,0-2-3,3,False,0.75,0.4419,0.096,cifar10_dirichlet/seed0/federaser_del0-2-3,e5f688731a0703e89661d71a2c248785d4790e6144daf99493a6cc06907c7a52
cifar10_dirichlet,0,federaser,0-2,2,False,0.5,0.4677,0.411,cifar10_dirichlet/seed0/federaser_del0-2,c994e90d02e100770080fb43ab36d6a55f66642c58d0caf900d335a8763786e9
cifar10_dirichlet,0,federaser,0-3,2,False,0.5,0.4519,0.4861111111111111,cifar10_dirichlet/seed0/federaser_del0-3,3eeb3357f1ec1e4f0d5ab36af11f980a736909038958bfb71785076ea3746069
cifar10_dirichlet,0,federaser,0,1,True,0.25,0.4824,0.722,cifar10_dirichlet/seed0/federaser_del0,f6b741a5227551a8ed1342f5cf567ecab3ea9174a0290604f821557138878587
cifar10_dirichlet,0,federaser,1-2-3,3,False,0.75,0.418,0.11977777777777777,cifar10_dirichlet/seed0/federaser_del1-2-3,2c6253186ebb408363e1e1ce62d601232743f1d087b9fd77dc4374a9cf2948e9
cifar10_dirichlet,0,federaser,1-2,2,False,0.5,0.4423,0.6012222222222222,cifar10_dirichlet/seed0/federaser_del1-2,caa9938f2bb8d7d39369bf09d67b48d9e2761991901957ae9885705efd597ce1
cifar10_dirichlet,0,federaser,1-3,2,False,0.5,0.4937,0.9173333333333333,cifar10_dirichlet/seed0/federaser_del1-3,532428e6917f188057cd8f8485e542d850df55ea58c6e9c0a68b1923dd6699cd
cifar10_dirichlet,0,federaser,1,1,False,0.25,0.4915,0.8623333333333333,cifar10_dirichlet/seed0/federaser_del1,c75348e089829b13d63b47c5153f50ec7531a86a3b18ebc58cc6a0bedd700bd2
cifar10_dirichlet,0,federaser,2-3,2,False,0.5,0.5243,0.4285555555555556,cifar10_dirichlet/seed0/federaser_del2-3,e8be97ec32432b7de2a0db1cdcd6da172b9f9929fd8399ff3283313dd55a3c73
cifar10_dirichlet,0,federaser,2,1,False,0.25,0.4837,0.7538888888888889,cifar10_dirichlet/seed0/federaser_del2,5005c0b2ce237d563b4424ced30f08714a7cbcdd93998c694c8bb36f8ab625de
cifar10_dirichlet,0,federaser,3,1,False,0.25,0.4225,0.9611111111111111,cifar10_dirichlet/seed0/federaser_del3,392261a1fc310807ba6c2f97c56ed445e3918eed93a57ddf9b79b9d40f344729
cifar10_dirichlet,0,short_retrain,0-1-2-3,4,True,1.0,0.6715,0.8887777777777778,cifar10_dirichlet/seed0/short_retrain_del0-1-2-3,cc845a0fdb8107f3953b8f498812c3d4b41c44bcb68297b5a4f46064e0b99891
cifar10_dirichlet,0,short_retrain,0-1-2,3,True,0.75,0.6721,0.9022222222222223,cifar10_dirichlet/seed0/short_retrain_del0-1-2,91f74fb79fcf29cd61b1b0221290463dbd4fcef29b1dfa51a5f7dd139185a4b6
cifar10_dirichlet,0,short_retrain,0-1-3,3,False,0.75,0.6723,0.9222222222222223,cifar10_dirichlet/seed0/short_retrain_del0-1-3,3d6fd4908825dac5a76de25514374c1073074e738c4366b349bac0420e65b252
cifar10_dirichlet,0,short_retrain,0-1,2,True,0.5,0.6724,0.9208888888888889,cifar10_dirichlet/seed0/short_retrain_del0-1,717bb9da3cc206d41123a09ecba767e47320ca7c690491b782171c999c86bd67
cifar10_dirichlet,0,short_retrain,0-2-3,3,False,0.75,0.6701,0.9026666666666666,cifar10_dirichlet/seed0/short_retrain_del0-2-3,ad92f61453bd18fbe34d909558560db3d6873a298cd3eda81908dca756101f3e
cifar10_dirichlet,0,short_retrain,0-2,2,False,0.5,0.6747,0.9204444444444444,cifar10_dirichlet/seed0/short_retrain_del0-2,de603606a77a125009f968256ddbeb658446b432f505a918d2fa90eac937dec7
cifar10_dirichlet,0,short_retrain,0-3,2,False,0.5,0.6701,0.9281111111111111,cifar10_dirichlet/seed0/short_retrain_del0-3,3a74f4302e6d0b79339dd5d14d053ffda7c2e729004c106fc9dcbe60d9b4a3e2
cifar10_dirichlet,0,short_retrain,0,1,True,0.25,0.6721,0.9368888888888889,cifar10_dirichlet/seed0/short_retrain_del0,0792dc70ba6f47283ae61da4384a72ebaa676bd387bd42956ffaa3ef4359753c
cifar10_dirichlet,0,short_retrain,1-2-3,3,False,0.75,0.6666,0.913,cifar10_dirichlet/seed0/short_retrain_del1-2-3,df52f93e0d999bb29149b45003787cfe3b2b89c9395e0ea5f0e1229dd8dfbba5
cifar10_dirichlet,0,short_retrain,1-2,2,False,0.5,0.6726,0.9164444444444444,cifar10_dirichlet/seed0/short_retrain_del1-2,0c6501ee71e5eee3914e58dc31ccdfdbac5b696a643de7189580f1f5e0dbac85
cifar10_dirichlet,0,short_retrain,1-3,2,False,0.5,0.672,0.9306666666666666,cifar10_dirichlet/seed0/short_retrain_del1-3,6a2da92bc6bc64c68ac151592927049d873fd6156fb1a84d7207935eeddadda7
cifar10_dirichlet,0,short_retrain,1,1,False,0.25,0.6759,0.9422222222222222,cifar10_dirichlet/seed0/short_retrain_del1,b3894062139058f6317b31fef46dec0aa693400fa09c6abe62c0d56d8254c410
cifar10_dirichlet,0,short_retrain,2-3,2,False,0.5,0.6722,0.9218888888888889,cifar10_dirichlet/seed0/short_retrain_del2-3,cb1556510325384b216b75283b9c46b4bdeb72b6643917605902abf0868b3bff
cifar10_dirichlet,0,short_retrain,2,1,False,0.25,0.6739,0.9315555555555556,cifar10_dirichlet/seed0/short_retrain_del2,08b08635108408abeddf7520ca48fb9284079c80a43ee36c604eb644dd7d4a6d
cifar10_dirichlet,0,short_retrain,3,1,False,0.25,0.6738,0.9374444444444444,cifar10_dirichlet/seed0/short_retrain_del3,58af38df99a8465ff46b5f797e7981607f31df8894bae868cf248fdb0f969459
cifar10_dirichlet,1,federaser,0-1-2-3,4,True,1.0,0.4339,0.074,cifar10_dirichlet/seed1/federaser_del0-1-2-3,a0ea7069b0e57374d564a0a973b8924229173920311fa4a0d561ae2e1a4a5dcc
cifar10_dirichlet,1,federaser,0-1-2,3,True,0.75,0.432,0.2773333333333333,cifar10_dirichlet/seed1/federaser_del0-1-2,2773badad578d29318e1256bea4a57f56707c1052f8ef2f800fc5b26c378ed06
cifar10_dirichlet,1,federaser,0-1-3,3,False,0.75,0.4145,0.15444444444444444,cifar10_dirichlet/seed1/federaser_del0-1-3,d60ddfc1ace24cf39253ed5584c7a00660166c8023b6b558dbe9862f65d75ff9
cifar10_dirichlet,1,federaser,0-1,2,True,0.5,0.4473,0.05511111111111111,cifar10_dirichlet/seed1/federaser_del0-1,1f8a7dc55ac18201394ce1cc154ebe6a38730ee6920b2c40b6e0311d26c69c2c
cifar10_dirichlet,1,federaser,0-2-3,3,False,0.75,0.4355,0.5792222222222222,cifar10_dirichlet/seed1/federaser_del0-2-3,1386c99fc3ba614d592e5161116e9fcc3ce6741eb042e4385f34ec05c14526a3
cifar10_dirichlet,1,federaser,0-2,2,False,0.5,0.4791,0.6706666666666666,cifar10_dirichlet/seed1/federaser_del0-2,10e9322cc3b3dd89d91fbf94f88fb83efc69829106f430f049f01db1bb305b16
cifar10_dirichlet,1,federaser,0-3,2,False,0.5,0.4389,0.9467777777777778,cifar10_dirichlet/seed1/federaser_del0-3,d1b485a74f291a581939bdf3450d8b767abfa08dc4fd2ade0c1718316ab82535
cifar10_dirichlet,1,federaser,0,1,True,0.25,0.4267,0.7892222222222223,cifar10_dirichlet/seed1/federaser_del0,69d3809bc54a61e4a1882de750fb0cf373167dc0991be85d99e02ddab0edd60d
cifar10_dirichlet,1,federaser,1-2-3,3,False,0.75,0.4393,0.0898888888888889,cifar10_dirichlet/seed1/federaser_del1-2-3,cd748931b257f1dda12e7c29afa92dc6589b66cf5da2ed7458b221ce84fc5624
cifar10_dirichlet,1,federaser,1-2,2,False,0.5,0.4311,0.15833333333333333,cifar10_dirichlet/seed1/federaser_del1-2,a1b8e559748e0b897aa9f44c52c876b48117e12b8c5bda48bd273a235477b731
cifar10_dirichlet,1,federaser,1-3,2,False,0.5,0.4342,0.40155555555555555,cifar10_dirichlet/seed1/federaser_del1-3,83ded99e8cd4d7f11adb2d865b6d773457be4835b7b185eccbced00af82df3c3
cifar10_dirichlet,1,federaser,1,1,False,0.25,0.4005,0.14122222222222222,cifar10_dirichlet/seed1/federaser_del1,486dfb7d3bb3a1256c3769b2655f53177f5a9bfd0e6763f98a3926ee9f8be478
cifar10_dirichlet,1,federaser,2-3,2,False,0.5,0.4104,0.7341111111111112,cifar10_dirichlet/seed1/federaser_del2-3,06534c2206c3bbfe7093b2521d3fdd5f6f8757a68b9d07756afd9600278436a1
cifar10_dirichlet,1,federaser,2,1,False,0.25,0.4032,0.8397777777777777,cifar10_dirichlet/seed1/federaser_del2,3ff5668d709e1bb81753fc25b681f1ebc9a04cfdca0c76c03aaeee9a8212b352
cifar10_dirichlet,1,federaser,3,1,False,0.25,0.4392,0.9323333333333333,cifar10_dirichlet/seed1/federaser_del3,835f529c6be52ddddddd84f972a6fb55d382cafe365d55353c6838080e255e12
cifar10_dirichlet,1,short_retrain,0-1-2-3,4,True,1.0,0.6685,0.9013333333333333,cifar10_dirichlet/seed1/short_retrain_del0-1-2-3,a484b5b28ad6dcfaddbf4746031cfb3aa0c8d4c2781e6a306f06feccb043b876
cifar10_dirichlet,1,short_retrain,0-1-2,3,True,0.75,0.6752,0.9116666666666666,cifar10_dirichlet/seed1/short_retrain_del0-1-2,fd029503c31278c571ba27d4a846760a0b8e24b2ac1d88452e34ebc394581fcf
cifar10_dirichlet,1,short_retrain,0-1-3,3,False,0.75,0.6714,0.9152222222222223,cifar10_dirichlet/seed1/short_retrain_del0-1-3,7e8c9317fd7421dc099056a72f9abf79f2aa8a8cb61fa7519dab5b787a86982a
cifar10_dirichlet,1,short_retrain,0-1,2,True,0.5,0.6721,0.9301111111111111,cifar10_dirichlet/seed1/short_retrain_del0-1,5174c18d50885781be1798dad31699789746622c94ff9e836a1044c6e711c18f
cifar10_dirichlet,1,short_retrain,0-2-3,3,False,0.75,0.6691,0.9325555555555556,cifar10_dirichlet/seed1/short_retrain_del0-2-3,972a4763b68672c513996b530eb7ce9839f1decb9332494bc7b848c24aa51b3e
cifar10_dirichlet,1,short_retrain,0-2,2,False,0.5,0.6707,0.9393333333333334,cifar10_dirichlet/seed1/short_retrain_del0-2,ba0d409edb316d85277299b27f705aac18f824261454a20bbe604ee52aeba785
cifar10_dirichlet,1,short_retrain,0-3,2,False,0.5,0.6669,0.9424444444444444,cifar10_dirichlet/seed1/short_retrain_del0-3,5cb19653d554e317aad16343740d93a5bec4353f30d804a8a234809674472b69
cifar10_dirichlet,1,short_retrain,0,1,True,0.25,0.6717,0.9461111111111111,cifar10_dirichlet/seed1/short_retrain_del0,bbf41396b500f0291c55dd81257a0d7b63e1d1cb7394d03daae3a0ad0fc9a607
cifar10_dirichlet,1,short_retrain,1-2-3,3,False,0.75,0.6649,0.9154444444444444,cifar10_dirichlet/seed1/short_retrain_del1-2-3,e46cdfa6541ae32eafdc4a0f80801fe4e01654f4368f23cabf03ff82f0e66af7
cifar10_dirichlet,1,short_retrain,1-2,2,False,0.5,0.6731,0.9293333333333333,cifar10_dirichlet/seed1/short_retrain_del1-2,357c88192258cff6196a387588ac60a04acceaf4ee250618ca775ad02599db37
cifar10_dirichlet,1,short_retrain,1-3,2,False,0.5,0.6691,0.9274444444444444,cifar10_dirichlet/seed1/short_retrain_del1-3,8fb2f1b8466dce84332e3640ad9336e82937ad5d7b0eaa8f25c669bca1e2f94a
cifar10_dirichlet,1,short_retrain,1,1,False,0.25,0.6721,0.9362222222222222,cifar10_dirichlet/seed1/short_retrain_del1,bcfb396f6100ae64fb40c9bd011236f2062905a8c86ae22816caa1b2545318e4
cifar10_dirichlet,1,short_retrain,2-3,2,False,0.5,0.6723,0.9416666666666667,cifar10_dirichlet/seed1/short_retrain_del2-3,e889d674f828a236068d5f2806d86a146f39b96dc64bee37e01f31f4f8e17ccf
cifar10_dirichlet,1,short_retrain,2,1,False,0.25,0.6743,0.9461111111111111,cifar10_dirichlet/seed1/short_retrain_del2,d5a820e9b55a4a1dce8821aab3132b488d33dcb99f0f97ae699fb69c40a60725
cifar10_dirichlet,1,short_retrain,3,1,False,0.25,0.6708,0.9485555555555556,cifar10_dirichlet/seed1/short_retrain_del3,dfa1568d6a89156b3eff7d3ad98dcd75469bdc9c3fed2b3bd5575184849625ba
cifar10_dirichlet,2,federaser,0-1-2-3,4,True,1.0,0.4357,0.24655555555555556,cifar10_dirichlet/seed2/federaser_del0-1-2-3,f75c6094f6c11e24a097350177820d2c018d50e0a20085336848a1aa46bfdf14
cifar10_dirichlet,2,federaser,0-1-2,3,True,0.75,0.4368,0.39855555555555555,cifar10_dirichlet/seed2/federaser_del0-1-2,0665f936ffd361f7a73b32c528fdfaae3efcb9ca11c17d0db047d6443386696c
cifar10_dirichlet,2,federaser,0-1-3,3,False,0.75,0.4675,0.024888888888888887,cifar10_dirichlet/seed2/federaser_del0-1-3,609b033f74050eddee7de2bea8b884fcc14fc0e12b9e73f182980b09277f7822
cifar10_dirichlet,2,federaser,0-1,2,True,0.5,0.5082,0.24333333333333335,cifar10_dirichlet/seed2/federaser_del0-1,8b1ef14c1b1e59998f05c49f13060d56195d600efa7c010acc2bac6b71641b69
cifar10_dirichlet,2,federaser,0-2-3,3,False,0.75,0.4417,0.15444444444444444,cifar10_dirichlet/seed2/federaser_del0-2-3,8a6204245d3df656db4464a03f531be96d8aed28c62650b8bee3bbb8b19b890f
cifar10_dirichlet,2,federaser,0-2,2,False,0.5,0.4856,0.4786666666666667,cifar10_dirichlet/seed2/federaser_del0-2,7a572c9da7ac6930fdc4f3394c48c8a1cc8073e74561a44c2d0c2381aacee145
cifar10_dirichlet,2,federaser,0-3,2,False,0.5,0.4761,0.2571111111111111,cifar10_dirichlet/seed2/federaser_del0-3,7a691e72f8f5224d773d33c23440f883af067b1f17efc12ddc48737ff7037ad9
cifar10_dirichlet,2,federaser,0,1,True,0.25,0.4697,0.2408888888888889,cifar10_dirichlet/seed2/federaser_del0,737175ddb68cc4a5a5c16c2f390764f4cc4056695de4f4cb9057b2c6618de794
cifar10_dirichlet,2,federaser,1-2-3,3,False,0.75,0.4558,0.44722222222222224,cifar10_dirichlet/seed2/federaser_del1-2-3,1c3e3b255a0b1d0edd4ed7f9c2ce2b6c4664144c2a391ead48dc8bccb0bb8bff
cifar10_dirichlet,2,federaser,1-2,2,False,0.5,0.4965,0.6336666666666667,cifar10_dirichlet/seed2/federaser_del1-2,254f8cd5ef080a9b16cf1d4ba2c345fc7cd0e81f0595214f57216c171eb774cb
cifar10_dirichlet,2,federaser,1-3,2,False,0.5,0.4871,0.12977777777777777,cifar10_dirichlet/seed2/federaser_del1-3,59fc18fab2339a04fd25d58a2147bd23505a9ae37e9ea21910cac99cbb00115d
cifar10_dirichlet,2,federaser,1,1,False,0.25,0.4795,0.942,cifar10_dirichlet/seed2/federaser_del1,00d91534c26d0abc836904ea4183b0ea1c42d183c699fe8cba6ba790b078614b
cifar10_dirichlet,2,federaser,2-3,2,False,0.5,0.4581,0.3642222222222222,cifar10_dirichlet/seed2/federaser_del2-3,3df0d766d85991b61c5900098f132a198026867c577513c4bdd173f25afef4da
cifar10_dirichlet,2,federaser,2,1,False,0.25,0.4591,0.6804444444444444,cifar10_dirichlet/seed2/federaser_del2,8edd074df1fbec8277edeb9cdac5426ff9040637a3cb8a096d380b0c35daf82b
cifar10_dirichlet,2,federaser,3,1,False,0.25,0.436,0.6045555555555555,cifar10_dirichlet/seed2/federaser_del3,a68a76fc4de4e783c4596d97f3f3ec9d2eb640bccd67f2ba79b4f0fbb2a4b041
cifar10_dirichlet,2,short_retrain,0-1-2-3,4,True,1.0,0.6651,0.8625555555555555,cifar10_dirichlet/seed2/short_retrain_del0-1-2-3,11dfc62167d1ad2c556756b4522a69d27936e8f149cfa1fd6872f4ffae9d8eb4
cifar10_dirichlet,2,short_retrain,0-1-2,3,True,0.75,0.6707,0.8807777777777778,cifar10_dirichlet/seed2/short_retrain_del0-1-2,2f78ce12e9528f6b2d2c1d6cf74b5d4021751b1c96c653f72f35e5b946b70438
cifar10_dirichlet,2,short_retrain,0-1-3,3,False,0.75,0.6671,0.8757777777777778,cifar10_dirichlet/seed2/short_retrain_del0-1-3,2359bfde45c7c7778b2abfd153776955130233ea7828987e69ab506f6db9ba97
cifar10_dirichlet,2,short_retrain,0-1,2,True,0.5,0.67,0.8991111111111111,cifar10_dirichlet/seed2/short_retrain_del0-1,2b2f905e5e638891fe49f95c3a9d5638306dbc0154e4cc61841318064c8face7
cifar10_dirichlet,2,short_retrain,0-2-3,3,False,0.75,0.6704,0.8807777777777778,cifar10_dirichlet/seed2/short_retrain_del0-2-3,0777f11bb024bb3d6b70e32e2c589846ce93774db97d24bb2f1cbc40ac4844bb
cifar10_dirichlet,2,short_retrain,0-2,2,False,0.5,0.6724,0.9003333333333333,cifar10_dirichlet/seed2/short_retrain_del0-2,1ebd85357744eb488bd72a7424daf5cc3755ec4d33320d4576fb85e2e2a01493
cifar10_dirichlet,2,short_retrain,0-3,2,False,0.5,0.6733,0.8984444444444445,cifar10_dirichlet/seed2/short_retrain_del0-3,dc5a3401b13c44181f01b99ecf72c28bd6144c05b3b8a9df1b157d4d7219a4b9
cifar10_dirichlet,2,short_retrain,0,1,True,0.25,0.6713,0.9173333333333333,cifar10_dirichlet/seed2/short_retrain_del0,934b1d585cee34f4e3d5c3e78f0180a82c24e2fcb31fdf983a4614d4ba31a083
cifar10_dirichlet,2,short_retrain,1-2-3,3,False,0.75,0.671,0.8862222222222222,cifar10_dirichlet/seed2/short_retrain_del1-2-3,8d61e188a45405ff3f3cc1b6e94fee91e6d0186534cff6abb39c9325e497f515
cifar10_dirichlet,2,short_retrain,1-2,2,False,0.5,0.6695,0.9047777777777778,cifar10_dirichlet/seed2/short_retrain_del1-2,aaf292d5b2e0b880935f17b773511c34d0a1adbc99b0921d4d96afdff8dbb32b
cifar10_dirichlet,2,short_retrain,1-3,2,False,0.5,0.6696,0.8974444444444445,cifar10_dirichlet/seed2/short_retrain_del1-3,3bdd7b5bb70298cd3475e8cf75c9206b47ae3d8d6a604a09ea03ae3819e56bbc
cifar10_dirichlet,2,short_retrain,1,1,False,0.25,0.6712,0.9205555555555556,cifar10_dirichlet/seed2/short_retrain_del1,8f809753ab1ca9b9107dbd7de87f6235e9e5a1c18e2ba6efc9f181d25e484643
cifar10_dirichlet,2,short_retrain,2-3,2,False,0.5,0.6711,0.9043333333333333,cifar10_dirichlet/seed2/short_retrain_del2-3,add8f34b851cf174b5e1969f0017bbb1fdcc1c9c78ad79e9d0949368962e7f8d
cifar10_dirichlet,2,short_retrain,2,1,False,0.25,0.6697,0.9146666666666666,cifar10_dirichlet/seed2/short_retrain_del2,070b2a72b6b4345a0af63143b005d92862a8f00c3af33c0eaa7f82bc21299b79
cifar10_dirichlet,2,short_retrain,3,1,False,0.25,0.668,0.9154444444444444,cifar10_dirichlet/seed2/short_retrain_del3,4ae0c2f050777dc2ba14c3113018bb5ddd084e2deddf25168663adef7a73b993
cifar10_dirichlet,3,federaser,0-1-2-3,4,True,1.0,0.4586,0.01411111111111111,cifar10_dirichlet/seed3/federaser_del0-1-2-3,828e5bd18077c04e85ed9d9f4c528b2526f1bc275b7aae8ebabb65428bf0e9d3
cifar10_dirichlet,3,federaser,0-1-2,3,True,0.75,0.4631,0.12877777777777777,cifar10_dirichlet/seed3/federaser_del0-1-2,c35f389fcded5716b771b777b8836e8d736ab213132ad366c89675495b29395b
cifar10_dirichlet,3,federaser,0-1-3,3,False,0.75,0.4623,0.08122222222222222,cifar10_dirichlet/seed3/federaser_del0-1-3,d1b36a264143ccadb45873a73ffcf81f819bbefa37e7c3bbe0f397f130d9e27f
cifar10_dirichlet,3,federaser,0-1,2,True,0.5,0.4697,0.1761111111111111,cifar10_dirichlet/seed3/federaser_del0-1,c617d959a90ecd9ed44b4272e4cdd5041eeed3981cd63bde6a5ca127cdc8e641
cifar10_dirichlet,3,federaser,0-2-3,3,False,0.75,0.4307,0.16655555555555557,cifar10_dirichlet/seed3/federaser_del0-2-3,dc1f4b74951cb8ec80a71761b9fa9e92ae0e36a4640a98cc5ff5109e9a52dfe1
cifar10_dirichlet,3,federaser,0-2,2,False,0.5,0.4303,0.48966666666666664,cifar10_dirichlet/seed3/federaser_del0-2,4a6975306531017e370581073b007f37eba82231e0824e41ef07bbdc1d95b122
cifar10_dirichlet,3,federaser,0-3,2,False,0.5,0.4514,0.5635555555555556,cifar10_dirichlet/seed3/federaser_del0-3,82af9a480c8616cb8f1f71e4728de59193b04a34219008be3e47a9ec274d48d0
cifar10_dirichlet,3,federaser,0,1,True,0.25,0.3575,0.936,cifar10_dirichlet/seed3/federaser_del0,60ceddf162a22563030f6b06de8a60ae663d7605b9233dad266e0f06cf2e521c
cifar10_dirichlet,3,federaser,1-2-3,3,False,0.75,0.4425,0.06166666666666667,cifar10_dirichlet/seed3/federaser_del1-2-3,79b2f2dc8cef2867f66dbd63f4890391f27aaf4fa2690ccecb77be30a6bb1d52
cifar10_dirichlet,3,federaser,1-2,2,False,0.5,0.3953,0.04522222222222222,cifar10_dirichlet/seed3/federaser_del1-2,9563c692ea36e73f4dfa56863731233eae66f5551e32a2d3d440c7a1892e077e
cifar10_dirichlet,3,federaser,1-3,2,False,0.5,0.4722,0.1438888888888889,cifar10_dirichlet/seed3/federaser_del1-3,3d532c8105f75d6719375366db647fe577786b70e8d689079c41a2b137735efa
cifar10_dirichlet,3,federaser,1,1,False,0.25,0.454,0.10766666666666666,cifar10_dirichlet/seed3/federaser_del1,7eb19a91fb26437d44d9e4eb3e09bfa98f01fd904268960ca15e20d234446b40
cifar10_dirichlet,3,federaser,2-3,2,False,0.5,0.4484,0.25577777777777777,cifar10_dirichlet/seed3/federaser_del2-3,dd53cb1698ac5472febc64311e78fce8dac30faf023eb5b75289e073bf13b533
cifar10_dirichlet,3,federaser,2,1,False,0.25,0.3433,0.9691111111111111,cifar10_dirichlet/seed3/federaser_del2,9ab582ff770db760b9145b08dcfe9e6101be643f923be42b19669bd509d65373
cifar10_dirichlet,3,federaser,3,1,False,0.25,0.3962,0.8145555555555556,cifar10_dirichlet/seed3/federaser_del3,8827f0d8386ed95c810b94c8731f1841bd7fb6f3cd9ae533daf64d385b72144e
cifar10_dirichlet,3,short_retrain,0-1-2-3,4,True,1.0,0.6704,0.8486666666666667,cifar10_dirichlet/seed3/short_retrain_del0-1-2-3,c7f75d36ea25a32a64e6043e9916b9755d656f3626ac6d6dee4ed45c51476e1e
cifar10_dirichlet,3,short_retrain,0-1-2,3,True,0.75,0.6719,0.8543333333333333,cifar10_dirichlet/seed3/short_retrain_del0-1-2,549266cebb31ea6bafab2cfa2f9e08ba740c32cfa0028b3f999c60977dba9491
cifar10_dirichlet,3,short_retrain,0-1-3,3,False,0.75,0.6691,0.8866666666666667,cifar10_dirichlet/seed3/short_retrain_del0-1-3,efecdd67b895bd8a7ffe4335b44e664802178ccee435935733c49e3e2081bca6
cifar10_dirichlet,3,short_retrain,0-1,2,True,0.5,0.6686,0.9046666666666666,cifar10_dirichlet/seed3/short_retrain_del0-1,69cf36bccd8795f6b0a7beadb1fe5b883e82a4e010e76011656ace993750fc54
cifar10_dirichlet,3,short_retrain,0-2-3,3,False,0.75,0.6676,0.9074444444444445,cifar10_dirichlet/seed3/short_retrain_del0-2-3,cdedbf447c79d94437d89a0b33ed7ac5768e5e44b8edc1677ecbe3fb65ca4542
cifar10_dirichlet,3,short_retrain,0-2,2,False,0.5,0.6736,0.9081111111111111,cifar10_dirichlet/seed3/short_retrain_del0-2,32eba2c39c53cafe4e2d60cb9d020a9c358725bfe7bb0d535bbc97080563c7bd
cifar10_dirichlet,3,short_retrain,0-3,2,False,0.5,0.669,0.9122222222222223,cifar10_dirichlet/seed3/short_retrain_del0-3,6ddc956fed5c791eb146b6a331a6ccab75e371ec23a615d2e0b4f44b2a708e3d
cifar10_dirichlet,3,short_retrain,0,1,True,0.25,0.6699,0.925,cifar10_dirichlet/seed3/short_retrain_del0,ee75534cd029f91c4f909fb9f73f7247dbc55dec8c3d698e0a21d3043cb6c5e9
cifar10_dirichlet,3,short_retrain,1-2-3,3,False,0.75,0.6731,0.87,cifar10_dirichlet/seed3/short_retrain_del1-2-3,14b33601f5080cf47fca2e80ce9d4d8cd4f3c890bdb07203bcb262f2300c0a47
cifar10_dirichlet,3,short_retrain,1-2,2,False,0.5,0.6714,0.8911111111111111,cifar10_dirichlet/seed3/short_retrain_del1-2,25451045a1014eb3a101a68279eb7cb9cfc8438cabe86638f924b13e24ba7e69
cifar10_dirichlet,3,short_retrain,1-3,2,False,0.5,0.6716,0.8998888888888888,cifar10_dirichlet/seed3/short_retrain_del1-3,6d2846d47eb14499332ae95526ec1840e098e80fddce683b4d6c34a186ae6a4a
cifar10_dirichlet,3,short_retrain,1,1,False,0.25,0.6751,0.9091111111111111,cifar10_dirichlet/seed3/short_retrain_del1,b53832aaf5a7eeb95ae10aa941417b52895fed589a5aeef788a65a4bdd47612f
cifar10_dirichlet,3,short_retrain,2-3,2,False,0.5,0.6691,0.9107777777777778,cifar10_dirichlet/seed3/short_retrain_del2-3,e7dc4ac03843fca7823782e3ebaa9616c3167d2fa0b0d3a99cb293b6170eb9f7
cifar10_dirichlet,3,short_retrain,2,1,False,0.25,0.6717,0.9125555555555556,cifar10_dirichlet/seed3/short_retrain_del2,b75febe9ab4923e4db558c987f0b51c3a4b5a4cc8d1bcb3b1a9471065a76032e
cifar10_dirichlet,3,short_retrain,3,1,False,0.25,0.6683,0.925,cifar10_dirichlet/seed3/short_retrain_del3,5bd052aa15107d8499fb11c1bd1dabd0227081cee38d8a324b815907129faec1
cifar10_dirichlet,4,federaser,0-1-2-3,4,True,1.0,0.4765,0.08688888888888889,cifar10_dirichlet/seed4/federaser_del0-1-2-3,46e3c5b5f2496b406c06f52a2f53850f3e62549cfb88b04aa2a476e8155da39d
cifar10_dirichlet,4,federaser,0-1-2,3,True,0.75,0.4277,0.036333333333333336,cifar10_dirichlet/seed4/federaser_del0-1-2,07c78968f1aa5174029aaa45bdfb67913db017e6b543701bc0c01789156ed691
cifar10_dirichlet,4,federaser,0-1-3,3,False,0.75,0.4058,0.2902222222222222,cifar10_dirichlet/seed4/federaser_del0-1-3,3e6a57e797d4b9a7498dcad1b8f587acd7f2e9ed84a9cc25bf35166791fe3c08
cifar10_dirichlet,4,federaser,0-1,2,True,0.5,0.4393,0.2528888888888889,cifar10_dirichlet/seed4/federaser_del0-1,4ef42ac204a873c72390054d69283e00695b6ea1becd7457fda790a4e5c4dd0f
cifar10_dirichlet,4,federaser,0-2-3,3,False,0.75,0.4387,0.047,cifar10_dirichlet/seed4/federaser_del0-2-3,4a65c141a17d0a7fd580f4372d58d3c80d6e0e44edb9997c6aa535cbe2f80232
cifar10_dirichlet,4,federaser,0-2,2,False,0.5,0.4244,0.37333333333333335,cifar10_dirichlet/seed4/federaser_del0-2,e958da3801487a0440d4d7eea6655843936bfba7c00175cbb7cf2214c12bf55c
cifar10_dirichlet,4,federaser,0-3,2,False,0.5,0.4234,0.8093333333333333,cifar10_dirichlet/seed4/federaser_del0-3,6418af6adcfb3ed0dd7412d3253759d64eaa73f7ed7aad92be86488c0a1ae1a2
cifar10_dirichlet,4,federaser,0,1,True,0.25,0.4885,0.5943333333333334,cifar10_dirichlet/seed4/federaser_del0,a900a0a497d8015cec11e353b45c255cc2485d7b9f1973f3bce7cbd46caefde7
cifar10_dirichlet,4,federaser,1-2-3,3,False,0.75,0.4907,0.006888888888888889,cifar10_dirichlet/seed4/federaser_del1-2-3,d95abbd1365e2be393d8d35acb583ea8c099f8faf69f02052f619884689ad220
cifar10_dirichlet,4,federaser,1-2,2,False,0.5,0.4273,0.28644444444444445,cifar10_dirichlet/seed4/federaser_del1-2,269cc77955c5b68058c44a89d3c7cf17f179a2bb9964ac872da6f1d9d6c3c38d
cifar10_dirichlet,4,federaser,1-3,2,False,0.5,0.4466,0.3406666666666667,cifar10_dirichlet/seed4/federaser_del1-3,2b2f13650e866c1baa52b4f1c16b65c4970fe8381715f3ac47cbfcad525210af
cifar10_dirichlet,4,federaser,1,1,False,0.25,0.4664,0.323,cifar10_dirichlet/seed4/federaser_del1,d58e91a809493d5e558199bddd5cb6a65154237d072caedfccf5542bec765459
cifar10_dirichlet,4,federaser,2-3,2,False,0.5,0.4689,0.15766666666666668,cifar10_dirichlet/seed4/federaser_del2-3,f67fa1f108fe93b6967e18bdae3be6dac8c91a43e257e87892aed806cb103630
cifar10_dirichlet,4,federaser,2,1,False,0.25,0.498,0.699,cifar10_dirichlet/seed4/federaser_del2,886a4f632769625bcad140da0e9196aaf5531eca379b2e01620f76539a403810
cifar10_dirichlet,4,federaser,3,1,False,0.25,0.4455,0.48966666666666664,cifar10_dirichlet/seed4/federaser_del3,a2e6a0a62a6424fb86972dd1442ff44b867672233462b4a23a59d3f79198b5f1
cifar10_dirichlet,4,short_retrain,0-1-2-3,4,True,1.0,0.6612,0.7641111111111111,cifar10_dirichlet/seed4/short_retrain_del0-1-2-3,a183a044461e00d0dc055f2b5defe8e31b17cafb449101120aeb6701f9874acf
cifar10_dirichlet,4,short_retrain,0-1-2,3,True,0.75,0.6601,0.7826666666666666,cifar10_dirichlet/seed4/short_retrain_del0-1-2,92aa4e54c97887c54a965e2b28be9bfcb3ce3404b049fddbea6d9457ed412b3e
cifar10_dirichlet,4,short_retrain,0-1-3,3,False,0.75,0.663,0.831,cifar10_dirichlet/seed4/short_retrain_del0-1-3,b2f7d0624824d3f106a34951ae9ad8247ce7d1914d836a137abf73dca8670eac
cifar10_dirichlet,4,short_retrain,0-1,2,True,0.5,0.6659,0.8435555555555555,cifar10_dirichlet/seed4/short_retrain_del0-1,0581f2721d877ee276cad907ae9ff9d37f64967672bcbd6f941d431e0e460751
cifar10_dirichlet,4,short_retrain,0-2-3,3,False,0.75,0.6647,0.8135555555555556,cifar10_dirichlet/seed4/short_retrain_del0-2-3,284f432501fffe5189e31d49e8e4889f771835a77f879dba44ccbcb12509638d
cifar10_dirichlet,4,short_retrain,0-2,2,False,0.5,0.6591,0.8242222222222222,cifar10_dirichlet/seed4/short_retrain_del0-2,3d990d9a0cadea3f08cef4461fd1547147d50fd5bfb390405e5ce7b2ff0e1a78
cifar10_dirichlet,4,short_retrain,0-3,2,False,0.5,0.6658,0.8576666666666667,cifar10_dirichlet/seed4/short_retrain_del0-3,a6a50c9bc93d40b43a3769295fddb68ce59dc45729e7a956bfbd8c33884eb7a5
cifar10_dirichlet,4,short_retrain,0,1,True,0.25,0.6657,0.8846666666666667,cifar10_dirichlet/seed4/short_retrain_del0,63e117ad99107ead04727b85803f27b740b53538aff8b62e7c4d6161c2effde5
cifar10_dirichlet,4,short_retrain,1-2-3,3,False,0.75,0.6677,0.8213333333333334,cifar10_dirichlet/seed4/short_retrain_del1-2-3,61b9255fedac8849a51ba2b1a5b00ca959470ae0011c7d1ff04f2f02eb8a6a9d
cifar10_dirichlet,4,short_retrain,1-2,2,False,0.5,0.6671,0.8375555555555556,cifar10_dirichlet/seed4/short_retrain_del1-2,08a045cf9b3638ffa8d8ca93d0de374b284900d4797adc514e5cdf7d046b2713
cifar10_dirichlet,4,short_retrain,1-3,2,False,0.5,0.6645,0.8627777777777778,cifar10_dirichlet/seed4/short_retrain_del1-3,5beeb5badd2a7420d85c01b3b6f50b686a4d48ef994d728a1b91e31da7720569
cifar10_dirichlet,4,short_retrain,1,1,False,0.25,0.6669,0.8703333333333333,cifar10_dirichlet/seed4/short_retrain_del1,bed8390f5e88a105e68c22388ae4850c77f3fa1cf2b3c483197315ecb4b6c707
cifar10_dirichlet,4,short_retrain,2-3,2,False,0.5,0.6655,0.8558888888888889,cifar10_dirichlet/seed4/short_retrain_del2-3,fc4a2f1ecdafe8557102d8c41d7b0fb73b88679714a3dd0080e91f50347324fe
cifar10_dirichlet,4,short_retrain,2,1,False,0.25,0.6633,0.868,cifar10_dirichlet/seed4/short_retrain_del2,3a71f3242f533035b77ff578b8978d521f7bf44e4740e8e790e7b56653edbe24
cifar10_dirichlet,4,short_retrain,3,1,False,0.25,0.6673,0.8844444444444445,cifar10_dirichlet/seed4/short_retrain_del3,e845ec3ca7e936ca539ce9589e4d27c9051f9710d8962f6b04455288427a3e06
cifar10_iid,0,federaser,0-1-2-3,4,True,1.0,0.4616,0.060333333333333336,cifar10_iid/seed0/federaser_del0-1-2-3,bf4a43daa509702e37cb48f910c234c1e9659ca5bfe06f3898f74d63297fd4d6
cifar10_iid,0,federaser,0-1-2,3,True,0.75,0.4103,0.05588888888888889,cifar10_iid/seed0/federaser_del0-1-2,98313e432ff35f98d306dd02225039588b4736b4c59496f7f1b02192a0622fcb
cifar10_iid,0,federaser,0-1-3,3,False,0.75,0.4087,0.037,cifar10_iid/seed0/federaser_del0-1-3,3c325f4cdc513b6b3aef1e78ac522569d665660d326a2f4ee16fca5a9ac4ae42
cifar10_iid,0,federaser,0-1,2,True,0.5,0.4674,0.25533333333333336,cifar10_iid/seed0/federaser_del0-1,0b7f0248c31a58b54a815fe54a059db322158f420e2da44b2129fc4d7150a724
cifar10_iid,0,federaser,0-2-3,3,False,0.75,0.4255,0.049777777777777775,cifar10_iid/seed0/federaser_del0-2-3,b025daa15145a6836c95c59749dcc5dffe6a665d6966dfb609e59cc86a413ce9
cifar10_iid,0,federaser,0-2,2,False,0.5,0.4676,0.2571111111111111,cifar10_iid/seed0/federaser_del0-2,7dcfd0f13265df50152a3585f785fa0dad53a84d0dc787a3d697208cbbdcf141
cifar10_iid,0,federaser,0-3,2,False,0.5,0.4403,0.27044444444444443,cifar10_iid/seed0/federaser_del0-3,83d8ecde679a0290e539e6e2a5a569c4bc79277ac509cd5d1f14ba918e5099da
cifar10_iid,0,federaser,0,1,True,0.25,0.4247,0.4102222222222222,cifar10_iid/seed0/federaser_del0,309decf4011de98cfc04c4fdb316dffa1e18e72a2975a95ac7a2e097ee843530
cifar10_iid,0,federaser,1-2-3,3,False,0.75,0.3986,0.07044444444444445,cifar10_iid/seed0/federaser_del1-2-3,e4cba073797e24c016d4adff3aaa1cebe0a283c06ae5dc67772aaab3651e93f7
cifar10_iid,0,federaser,1-2,2,False,0.5,0.4277,0.2018888888888889,cifar10_iid/seed0/federaser_del1-2,64ed71d6304dc19a5bee5ad85e8dadb2812d53ee4ca7732a01cf896676101c98
cifar10_iid,0,federaser,1-3,2,False,0.5,0.4432,0.24188888888888888,cifar10_iid/seed0/federaser_del1-3,8b12ed81b7cce6bc7695a5cd3ac6d727e3969278876ea9a6eaff9fb45fe3431d
cifar10_iid,0,federaser,1,1,False,0.25,0.3927,0.6195555555555555,cifar10_iid/seed0/federaser_del1,2804d114151bec8c44b42c8188aa51cfecb2b64021d62dc0d82642f76b66fbfa
cifar10_iid,0,federaser,2-3,2,False,0.5,0.4449,0.25066666666666665,cifar10_iid/seed0/federaser_del2-3,83c545ea2102d22e478468ac8fbeb2e1a55a4c6133faabe95c1aefd1e13a15cd
cifar10_iid,0,federaser,2,1,False,0.25,0.4754,0.6046666666666667,cifar10_iid/seed0/federaser_del2,1488e895c48d1786784161d05d6866cc5c610c88a7418026c08953aa3a654011
cifar10_iid,0,federaser,3,1,False,0.25,0.404,0.7271111111111112,cifar10_iid/seed0/federaser_del3,db1e43cfc20588bdef93b3821e679b544c23e97defc9c63f80f0245b24563305
cifar10_iid,0,short_retrain,0-1-2-3,4,True,1.0,0.6926,0.842,cifar10_iid/seed0/short_retrain_del0-1-2-3,a9a5e411f318f59f873571ece4a7707440523a7b966235ba3d953719076f1191
cifar10_iid,0,short_retrain,0-1-2,3,True,0.75,0.691,0.8808888888888889,cifar10_iid/seed0/short_retrain_del0-1-2,9309a4f0eaee0dcda4ca56519e93b0bb37b2ab76af09aab42a9136f77170f67f
cifar10_iid,0,short_retrain,0-1-3,3,False,0.75,0.6931,0.874,cifar10_iid/seed0/short_retrain_del0-1-3,bd21f66dcd1472c052b12e8de637d7df8990cee2b361ebecd5be174c79b1dfe3
cifar10_iid,0,short_retrain,0-1,2,True,0.5,0.693,0.8978888888888888,cifar10_iid/seed0/short_retrain_del0-1,3da939a1377f75131f7ad436bf836ddd18052ea0d18207559c9c96c124356585
cifar10_iid,0,short_retrain,0-2-3,3,False,0.75,0.6883,0.8682222222222222,cifar10_iid/seed0/short_retrain_del0-2-3,791061965105dbfedf383b5d683fb5281d2cf63cd677d52413b5fe72c9205662
cifar10_iid,0,short_retrain,0-2,2,False,0.5,0.6946,0.8972222222222223,cifar10_iid/seed0/short_retrain_del0-2,1edaa2604786e2c070016456a6c0037482b7965588613b6c75ef968a7dbb1152
cifar10_iid,0,short_retrain,0-3,2,False,0.5,0.693,0.8967777777777778,cifar10_iid/seed0/short_retrain_del0-3,87936bef91f49d766bb5a1dfedb495e7d57ed7a9f543b7c21be92b80a531bdac
cifar10_iid,0,short_retrain,0,1,True,0.25,0.6916,0.9125555555555556,cifar10_iid/seed0/short_retrain_del0,fc6e46b4207e7608201511e2fe1803dad38ec68c8ee17a170c24e3aa3a7c0313
cifar10_iid,0,short_retrain,1-2-3,3,False,0.75,0.6927,0.8785555555555555,cifar10_iid/seed0/short_retrain_del1-2-3,541107349a52e8d4d57b8d0a1f31f3a0bd89d82f3df5ca33017c9ee40bcb2425
cifar10_iid,0,short_retrain,1-2,2,False,0.5,0.6944,0.8983333333333333,cifar10_iid/seed0/short_retrain_del1-2,7471be75d53ab53e8f49559ee7a5c21e17b612ad9d2584f78780fc54212bbc36
cifar10_iid,0,short_retrain,1-3,2,False,0.5,0.6934,0.8952222222222223,cifar10_iid/seed0/short_retrain_del1-3,56be750efa9e7413efaecd9abfe6468f16ac6b006658bae8ac5a6aa7fbd54883
cifar10_iid,0,short_retrain,1,1,False,0.25,0.6908,0.9142222222222223,cifar10_iid/seed0/short_retrain_del1,d56ea1008e31a1a70e80dec92a3f542a9084bba5b2a37d4c023264997c21bbc3
cifar10_iid,0,short_retrain,2-3,2,False,0.5,0.6923,0.894,cifar10_iid/seed0/short_retrain_del2-3,f876bebe1c90ce1c25072e83a309579066723bc935c5f34e7fa10edca70381c1
cifar10_iid,0,short_retrain,2,1,False,0.25,0.6918,0.913,cifar10_iid/seed0/short_retrain_del2,9d8961e0f60a2a5c2ba287dcf9b0f09d17c32eea93d4af15234585e5123038af
cifar10_iid,0,short_retrain,3,1,False,0.25,0.6935,0.9128888888888889,cifar10_iid/seed0/short_retrain_del3,ab6fc217d5120cd83d2366efd1df09790b89cb765bd2ea8fc3a24ef084d42118
cifar10_iid,1,federaser,0-1-2-3,4,True,1.0,0.4592,0.04533333333333334,cifar10_iid/seed1/federaser_del0-1-2-3,3aba26d58f1c7cceb20183140c9cea672ee1f46ff1af49adea35baf2d93907af
cifar10_iid,1,federaser,0-1-2,3,True,0.75,0.4005,0.13366666666666666,cifar10_iid/seed1/federaser_del0-1-2,9074d09ad017e966a0453665f3d9dfec9d6b02745cd7a2da9baf3480f8d4874b
cifar10_iid,1,federaser,0-1-3,3,False,0.75,0.3973,0.057888888888888886,cifar10_iid/seed1/federaser_del0-1-3,38fcd5de9ba01c536be1a7a017c5f5bc6a32aa5634f7340479481b0dcb5475cd
cifar10_iid,1,federaser,0-1,2,True,0.5,0.3577,0.19066666666666668,cifar10_iid/seed1/federaser_del0-1,ea4754cfa9b6cbfd2952172dd28d2e8fde12ffbf42435de2df07f2d6f68854aa
cifar10_iid,1,federaser,0-2-3,3,False,0.75,0.3872,0.03911111111111111,cifar10_iid/seed1/federaser_del0-2-3,735e7f6dfde1b5ee3b584a49ccf6cb3d955b2f66ce0e9bb56d30a99c91233a21
cifar10_iid,1,federaser,0-2,2,False,0.5,0.3134,0.12522222222222223,cifar10_iid/seed1/federaser_del0-2,5f8d5cb505a3e1b6745992b822e37bb98c44f4f4b86ee3e66070ca0fa010e784
cifar10_iid,1,federaser,0-3,2,False,0.5,0.3389,0.13577777777777778,cifar10_iid/seed1/federaser_del0-3,c38fb0802f7fea86b125651b579c5a70b481daf9f932906080027dd54c4a1ad0
cifar10_iid,1,federaser,0,1,True,0.25,0.3661,0.4816666666666667,cifar10_iid/seed1/federaser_del0,4ca686576f97fc01b5cbb5eec0707437370f5cafa7fd8791a33f827deddc029f
cifar10_iid,1,federaser,1-2-3,3,False,0.75,0.3953,0.06988888888888889,cifar10_iid/seed1/federaser_del1-2-3,0e1a2aa61adecf43d78ed654b2f63a09f2e378778ec3b4e9695ee9e22df48248
cifar10_iid,1,federaser,1-2,2,False,0.5,0.3569,0.12666666666666668,cifar10_iid/seed1/federaser_del1-2,48371679bd8c4572c085bc7fc02529ccd38c6b6aef02d28877a6acebae0a942f
cifar10_iid,1,federaser,1-3,2,False,0.5,0.3689,0.15233333333333332,cifar10_iid/seed1/federaser_del1-3,267d0a0d37e26031091f728aa9b2ce8574ccfba14adccd60a02c89932a5fc5ae
cifar10_iid,1,federaser,1,1,False,0.25,0.3274,0.45611111111111113,cifar10_iid/seed1/federaser_del1,a22e9093aa7e0286275657cc3259dc7a4a4b1cca8e9dce52d8c2f205fc5ba281
cifar10_iid,1,federaser,2-3,2,False,0.5,0.3486,0.17044444444444445,cifar10_iid/seed1/federaser_del2-3,196a87ef1b0b9cfeae39a87364e3b0949e99d0b7930a4316f0ccea89a227459d
cifar10_iid,1,federaser,2,1,False,0.25,0.3505,0.42833333333333334,cifar10_iid/seed1/federaser_del2,602f4d982f6ba09a8f66ef0087b3dcae7e0c334a60d3ab02a990962b05298e7b
cifar10_iid,1,federaser,3,1,False,0.25,0.3632,0.3592222222222222,cifar10_iid/seed1/federaser_del3,3ae4ae7cf11af38da69ef41df5feee8d63120f1cb82bd776ea917c54939f35a6
cifar10_iid,1,short_retrain,0-1-2-3,4,True,1.0,0.6924,0.8492222222222222,cifar10_iid/seed1/short_retrain_del0-1-2-3,5bc844168c74f7928372b1621c863de35a0329ce57c556e40d94cc84b42db8ac
cifar10_iid,1,short_retrain,0-1-2,3,True,0.75,0.689,0.885,cifar10_iid/seed1/short_retrain_del0-1-2,ba4f43f814ebc42b3a6b8a57fb03c56dddfe706381f354b2891aa1104d1c7255
cifar10_iid,1,short_retrain,0-1-3,3,False,0.75,0.6877,0.8874444444444445,cifar10_iid/seed1/short_retrain_del0-1-3,da01cf2be01445a6937249ff543b463affcea88b405959d03cb138209c56326c
cifar10_iid,1,short_retrain,0-1,2,True,0.5,0.69,0.8992222222222223,cifar10_iid/seed1/short_retrain_del0-1,f8ebd58bf6bd7919d52f54318ee631ddb6c9a6287b706027cf89dc8b27330eed
cifar10_iid,1,short_retrain,0-2-3,3,False,0.75,0.6899,0.8891111111111111,cifar10_iid/seed1/short_retrain_del0-2-3,9f12e012d4b486e06090d6de55d59ad42135d22d49ea3a542527f9f936d8198a
cifar10_iid,1,short_retrain,0-2,2,False,0.5,0.691,0.9006666666666666,cifar10_iid/seed1/short_retrain_del0-2,5ee432c4d0536f4d3e0ff1e0fee2027264ba5f97d61dcf8ad85075a8458a149d
cifar10_iid,1,short_retrain,0-3,2,False,0.5,0.6904,0.9017777777777778,cifar10_iid/seed1/short_retrain_del0-3,75a7a3855c717d822a63cc71209c8a55a12e78e2bc680164271ad295a7670784
cifar10_iid,1,short_retrain,0,1,True,0.25,0.6912,0.9101111111111111,cifar10_iid/seed1/short_retrain_del0,2a9755dcb3563c5fc0c2530494b046a92910c550b8c27ffa855c0e754a142e44
cifar10_iid,1,short_retrain,1-2-3,3,False,0.75,0.6929,0.8833333333333333,cifar10_iid/seed1/short_retrain_del1-2-3,27940e2e802c02bc2f98942392311f5dbcce4a73154ed4595c48360671db4fb9
cifar10_iid,1,short_retrain,1-2,2,False,0.5,0.6909,0.9012222222222223,cifar10_iid/seed1/short_retrain_del1-2,7064fc4bace9ed690add986e1275f7ee7d9035f0e8e785a119d0d6c89de1df79
cifar10_iid,1,short_retrain,1-3,2,False,0.5,0.6897,0.9001111111111111,cifar10_iid/seed1/short_retrain_del1-3,570e212426c3f7c6f8db27280e5c531de091101a10b351ad2b740e89c739d6d7
cifar10_iid,1,short_retrain,1,1,False,0.25,0.6929,0.9078888888888889,cifar10_iid/seed1/short_retrain_del1,c7c3bb5e1fcbaa33e54eb37bbe627fb76ae0ba2b7d75f0843d1181b59244f540
cifar10_iid,1,short_retrain,2-3,2,False,0.5,0.6879,0.9042222222222223,cifar10_iid/seed1/short_retrain_del2-3,3160f8c6153a49a1738595a662652f0cd5e08c46a17eff2b963adcdcc9136201
cifar10_iid,1,short_retrain,2,1,False,0.25,0.6907,0.9067777777777778,cifar10_iid/seed1/short_retrain_del2,019b1f868b5807e08d6fb34d05a663d0664f954f42810f52bbc8c83ad3cc1690
cifar10_iid,1,short_retrain,3,1,False,0.25,0.6907,0.9084444444444445,cifar10_iid/seed1/short_retrain_del3,c4e87e04009ebe0b97eb66ecb70cbbdca8642e016a5a71410f808c7d4144e7d0
cifar10_iid,2,federaser,0-1-2-3,4,True,1.0,0.4344,0.06011111111111111,cifar10_iid/seed2/federaser_del0-1-2-3,d8b32f177a72fd2aec920a0aa26b14d3f1dbdba23b85b9f124035ee0bdb8d3bb
cifar10_iid,2,federaser,0-1-2,3,True,0.75,0.4414,0.2061111111111111,cifar10_iid/seed2/federaser_del0-1-2,4475ec56a4882f225b8e75171e8f7b42c803c27d9a2977a0398c15c41eb1b290
cifar10_iid,2,federaser,0-1-3,3,False,0.75,0.4537,0.21777777777777776,cifar10_iid/seed2/federaser_del0-1-3,b1db123fb417de8f88818b8e9bddcba59f75eb5f7f0306055ca560ddbbf205f0
cifar10_iid,2,federaser,0-1,2,True,0.5,0.4279,0.5922222222222222,cifar10_iid/seed2/federaser_del0-1,3d833c45b2bf8e1c57625a377e540863e55cdb1f3c587ca87f2e2e85007ec9ce
cifar10_iid,2,federaser,0-2-3,3,False,0.75,0.441,0.173,cifar10_iid/seed2/federaser_del0-2-3,8d4f0bd04fac366e5e3959b255d2e12ce6246b18d8f7042db0b14965a270cc2f
cifar10_iid,2,federaser,0-2,2,False,0.5,0.4273,0.378,cifar10_iid/seed2/federaser_del0-2,0e59fc264c794555d9a5061be99012cf5ab23c611b16926dcfc596e1a2b1c362
cifar10_iid,2,federaser,0-3,2,False,0.5,0.4337,0.5771111111111111,cifar10_iid/seed2/federaser_del0-3,a597aac15b1b495653d4805080a9a88ce2f29430498f6666cad0a72a634eb4cd
cifar10_iid,2,federaser,0,1,True,0.25,0.3725,0.5281111111111111,cifar10_iid/seed2/federaser_del0,dc5367c4a2565859b109412fd7286daaa9e7741ec25ee76f76e2bf11d7390bf6
cifar10_iid,2,federaser,1-2-3,3,False,0.75,0.4238,0.21777777777777776,cifar10_iid/seed2/federaser_del1-2-3,ff232b89811bb436e4a705502b97261b4974732518be42a336131649a0a7cac4
cifar10_iid,2,federaser,1-2,2,False,0.5,0.4646,0.624,cifar10_iid/seed2/federaser_del1-2,dea55c3fd1a3e8d1d71b43a790ca299e5a869434e5fcecdad11e9d73f7eebb1c
cifar10_iid,2,federaser,1-3,2,False,0.5,0.4362,0.8182222222222222,cifar10_iid/seed2/federaser_del1-3,d68fdc9ab54fe9f0365c1d16c1c232495e6786c30228f8fb6ab1a17324c3a15f
cifar10_iid,2,federaser,1,1,False,0.25,0.3078,0.5278888888888889,cifar10_iid/seed2/federaser_del1,d0ce051501e74759294fd8d719f5aeb4bdd8edaa8e7f1d463cff62c14e595f2e
cifar10_iid,2,federaser,2-3,2,False,0.5,0.4415,0.4617777777777778,cifar10_iid/seed2/federaser_del2-3,eb1a6de6a121bf3aa2305c0af160c8a62b1992da5693d3581dcd6ef532400142
cifar10_iid,2,federaser,2,1,False,0.25,0.33,0.6252222222222222,cifar10_iid/seed2/federaser_del2,a3e121f55d918adc1f940bc5bc2f02943516245abf76d5da3d8b6546c2054438
cifar10_iid,2,federaser,3,1,False,0.25,0.3532,0.6275555555555555,cifar10_iid/seed2/federaser_del3,f818b1dfdb18794bfbca688f33ebf34fe5498c5f0b9c65068c549b6695645866
cifar10_iid,2,short_retrain,0-1-2-3,4,True,1.0,0.6941,0.8441111111111111,cifar10_iid/seed2/short_retrain_del0-1-2-3,c74be496ec052c6d2844b722928eaf676dd0db00dcbf9397379c7c600f1cdec4
cifar10_iid,2,short_retrain,0-1-2,3,True,0.75,0.6934,0.8861111111111111,cifar10_iid/seed2/short_retrain_del0-1-2,7e2174cf18e906ab30df74d4b045148fb33986190c1756246935018eda513449
cifar10_iid,2,short_retrain,0-1-3,3,False,0.75,0.6923,0.8823333333333333,cifar10_iid/seed2/short_retrain_del0-1-3,16b0d1a27b7353ab2851434cff09d1c3f62dcffc61b3659aaa4be0c071edeecd
cifar10_iid,2,short_retrain,0-1,2,True,0.5,0.6929,0.8941111111111111,cifar10_iid/seed2/short_retrain_del0-1,ac1ac1a0bc1e7395f1c1b70a260e29ef505a398a402b84ae94fac8a88ea9462d
cifar10_iid,2,short_retrain,0-2-3,3,False,0.75,0.6934,0.8866666666666667,cifar10_iid/seed2/short_retrain_del0-2-3,cfba9f50fa786cf709c1c98af7b3f2b0d6993215a83a32d6da48f3c2ed2ddb76
cifar10_iid,2,short_retrain,0-2,2,False,0.5,0.6953,0.8964444444444445,cifar10_iid/seed2/short_retrain_del0-2,8a9258ab07e55b95fb4b41c547d05780a74744e0971faa365407c3ad7393ed7f
cifar10_iid,2,short_retrain,0-3,2,False,0.5,0.6941,0.8948888888888888,cifar10_iid/seed2/short_retrain_del0-3,969e3830f3d88cb2c37af6c6f5583d392c15395132f996efceaf5ed112e2d9a1
cifar10_iid,2,short_retrain,0,1,True,0.25,0.6979,0.9102222222222223,cifar10_iid/seed2/short_retrain_del0,8cb0204f2ac66d4654fef04562e7d262ea80f1f60fa0c17640ec1542dec5d84c
cifar10_iid,2,short_retrain,1-2-3,3,False,0.75,0.6934,0.8872222222222222,cifar10_iid/seed2/short_retrain_del1-2-3,5bb5136fb123bd4b8b59ea9d23464548d9e0369bd14ebe8e53a3a99aac2a0856
cifar10_iid,2,short_retrain,1-2,2,False,0.5,0.6935,0.8932222222222223,cifar10_iid/seed2/short_retrain_del1-2,91e930ec7650d661f0bcdd8d34fbbe79ab58159414e9a5fc2095d28252afb982
cifar10_iid,2,short_retrain,1-3,2,False,0.5,0.6964,0.8947777777777778,cifar10_iid/seed2/short_retrain_del1-3,fa6f0f0fd2bf1bd8593acb7a4fcffb669cc09baa0c25e983290a30f092dcbb36
cifar10_iid,2,short_retrain,1,1,False,0.25,0.6942,0.9124444444444444,cifar10_iid/seed2/short_retrain_del1,ad801ce0aa3cbfcd514c31a7240ef13f9b5cfb759c3da657e044eb91a8b5a596
cifar10_iid,2,short_retrain,2-3,2,False,0.5,0.6959,0.9006666666666666,cifar10_iid/seed2/short_retrain_del2-3,9c76a6b476c0e519c0cd15f1e7409206860197d1bc5565adbc27fceae93a7abe
cifar10_iid,2,short_retrain,2,1,False,0.25,0.6972,0.9124444444444444,cifar10_iid/seed2/short_retrain_del2,0d902a4e6f1d577f0d56de04009c8448039c142a9aaac167bbb0c0f88f4abf71
cifar10_iid,2,short_retrain,3,1,False,0.25,0.6967,0.9142222222222223,cifar10_iid/seed2/short_retrain_del3,eee6f8915602fafe20632d96ef2adb7dd2708fcf6e4e2bbfce58d9599e127658
cifar10_iid,3,federaser,0-1-2-3,4,True,1.0,0.4047,0.084,cifar10_iid/seed3/federaser_del0-1-2-3,2270177e54840cd1d8896aca3322343843e32850fcbb00784e17b88e43a239f5
cifar10_iid,3,federaser,0-1-2,3,True,0.75,0.4529,0.2837777777777778,cifar10_iid/seed3/federaser_del0-1-2,d16b2e1426ed546fff36fa180eca7dbefd2f0d7fe726dd95c1bd5168ee0daa49
cifar10_iid,3,federaser,0-1-3,3,False,0.75,0.4587,0.2321111111111111,cifar10_iid/seed3/federaser_del0-1-3,fae61fe29fe0a2a266549d6286c00db551e96f44f594ee59eacf541892577613
cifar10_iid,3,federaser,0-1,2,True,0.5,0.4498,0.4922222222222222,cifar10_iid/seed3/federaser_del0-1,f81e398878c2aa3c3eec8b8d8f83b13e9d5498f20de8e97026c78167d39b8b73
cifar10_iid,3,federaser,0-2-3,3,False,0.75,0.4503,0.32,cifar10_iid/seed3/federaser_del0-2-3,5bbb66ba591c0a46590ff46712d37f89bece9378b9c5b6cf85c71420395400b7
cifar10_iid,3,federaser,0-2,2,False,0.5,0.4224,0.4147777777777778,cifar10_iid/seed3/federaser_del0-2,e9772fa30f5d82e168b2968b3f00ccadbdabe2b26b81a6800dc9d0b1f5c1113e
cifar10_iid,3,federaser,0-3,2,False,0.5,0.4388,0.4171111111111111,cifar10_iid/seed3/federaser_del0-3,9fafb17220ccee323423b55d2afa971568340172892eb77b5f3a0744ce3731ec
cifar10_iid,3,federaser,0,1,True,0.25,0.4074,0.8736666666666667,cifar10_iid/seed3/federaser_del0,78064140ca48040d710936c1876d038d9ecca4d744fc4667ac03adfb9237363d
cifar10_iid,3,federaser,1-2-3,3,False,0.75,0.416,0.38433333333333336,cifar10_iid/seed3/federaser_del1-2-3,c3e5ae2199aa14943000173dcda09877d7248d3567ba01b22a023fa1141ef67c
cifar10_iid,3,federaser,1-2,2,False,0.5,0.4463,0.4866666666666667,cifar10_iid/seed3/federaser_del1-2,e18b1cdb3d563da8c509dee8e54190b8869cc687c93fcca19663164b53f12e6c
cifar10_iid,3,federaser,1-3,2,False,0.5,0.4224,0.4552222222222222,cifar10_iid/seed3/federaser_del1-3,e765374c1d44b5b43647185b19153ebdc11789860f30f065ee2c243ec9cf91fd
cifar10_iid,3,federaser,1,1,False,0.25,0.4097,0.859,cifar10_iid/seed3/federaser_del1,e5cb55d31bce2b48669565b685f6afb1cb2eb36fa7834235a02e767edc292430
cifar10_iid,3,federaser,2-3,2,False,0.5,0.4591,0.4583333333333333,cifar10_iid/seed3/federaser_del2-3,981a7f93f2014c87c83182d462dad87ab9288012cb1b38cd48bedef4b7daf47d
cifar10_iid,3,federaser,2,1,False,0.25,0.4148,0.8746666666666667,cifar10_iid/seed3/federaser_del2,910842d81beed619310f859b3305cf7737102b149e3736fb928ec7e022c9f964
cifar10_iid,3,federaser,3,1,False,0.25,0.4092,0.8214444444444444,cifar10_iid/seed3/federaser_del3,f6f2bcf3cd9c776a697c5124a3f1e37dd80a88eaea46fff9d0a1ab55985d5b6d
cifar10_iid,3,short_retrain,0-1-2-3,4,True,1.0,0.6903,0.8193333333333334,cifar10_iid/seed3/short_retrain_del0-1-2-3,b5ba76cf7e20738ba3176749d28a2e6775ee71c84e96ff6d22cb042a14863913
cifar10_iid,3,short_retrain,0-1-2,3,True,0.75,0.692,0.8667777777777778,cifar10_iid/seed3/short_retrain_del0-1-2,83b38b2e21f5428bbcd81c6f4b520e530e4861d4dc08e5e3abfe812567a19ec3
cifar10_iid,3,short_retrain,0-1-3,3,False,0.75,0.69,0.8741111111111111,cifar10_iid/seed3/short_retrain_del0-1-3,a302cf5d99e4716c9f18903bfe295f332681442333b6198bce8acc7fedda6f49
cifar10_iid,3,short_retrain,0-1,2,True,0.5,0.6883,0.8848888888888888,cifar10_iid/seed3/short_retrain_del0-1,26b285b3455913ebf3cccbf692e50aa149ab22f12ca6c484023f9a4df575250e
cifar10_iid,3,short_retrain,0-2-3,3,False,0.75,0.691,0.8714444444444445,cifar10_iid/seed3/short_retrain_del0-2-3,b3743eb73799126fa1a1a096e5fe6f76cea6c734625a976abbc33e8203c4f201
cifar10_iid,3,short_retrain,0-2,2,False,0.5,0.6874,0.8873333333333333,cifar10_iid/seed3/short_retrain_del0-2,1805d2bf82b6482e67fc3f74b7564e6be3fafcbca7ce9fbdbd7c00afed14a9fc
cifar10_iid,3,short_retrain,0-3,2,False,0.5,0.6883,0.8883333333333333,cifar10_iid/seed3/short_retrain_del0-3,d83117906574ee6cf7d866abb2cb92eb75790c69c0612223da85404f4c3a2059
cifar10_iid,3,short_retrain,0,1,True,0.25,0.6897,0.9128888888888889,cifar10_iid/seed3/short_retrain_del0,42428474f56e9aae6555b350a92b6378ffbb3166f9da69207136926e07034a91
cifar10_iid,3,short_retrain,1-2-3,3,False,0.75,0.6908,0.8665555555555555,cifar10_iid/seed3/short_retrain_del1-2-3,fe624412990e6e42f0306831fe74ee9214e735eb549cd75cef258ef46c78019c
cifar10_iid,3,short_retrain,1-2,2,False,0.5,0.6891,0.8846666666666667,cifar10_iid/seed3/short_retrain_del1-2,d9269981d79360ebff0eed75744e290985ea59cf44d64a85f4d1adc362ae7b45
cifar10_iid,3,short_retrain,1-3,2,False,0.5,0.6901,0.8878888888888888,cifar10_iid/seed3/short_retrain_del1-3,dc27eb34b0f5707ac7355b15d6cee817e2ac71e6aa7cff4edced56e0e2dda6c0
cifar10_iid,3,short_retrain,1,1,False,0.25,0.6877,0.9093333333333333,cifar10_iid/seed3/short_retrain_del1,3368a8c8defe39948eac12ed0b326b950ebf3e0026889531201864c41b2e9966
cifar10_iid,3,short_retrain,2-3,2,False,0.5,0.6897,0.8945555555555555,cifar10_iid/seed3/short_retrain_del2-3,cbf977d6ce3e8bc6054b4a37fb883779a1dcc1a631fb412cb8e3a23169cc8370
cifar10_iid,3,short_retrain,2,1,False,0.25,0.6891,0.9114444444444444,cifar10_iid/seed3/short_retrain_del2,6e1b275b2ebc3a4904724cd24adc347067d8571ddf0d31f8547c838e9fbfbe64
cifar10_iid,3,short_retrain,3,1,False,0.25,0.6875,0.9114444444444444,cifar10_iid/seed3/short_retrain_del3,af9370937ee202f8b45cc74a6270a34602f7e01b7c2ae4cbcc552e421343497b
cifar10_iid,4,federaser,0-1-2-3,4,True,1.0,0.4605,0.04022222222222222,cifar10_iid/seed4/federaser_del0-1-2-3,1338e2c9ac0bfc00eedf45f019fb47f072d55d281aa9808606eb16ffca91e836
cifar10_iid,4,federaser,0-1-2,3,True,0.75,0.4815,0.36544444444444446,cifar10_iid/seed4/federaser_del0-1-2,6aefa72bfa0a167e53315ae617cd65d816aa43b34b70d3870fb695461f21991d
cifar10_iid,4,federaser,0-1-3,3,False,0.75,0.4605,0.31055555555555553,cifar10_iid/seed4/federaser_del0-1-3,d2012005aa7c4aa39e4033c06893f292c7817bd44dd473c6f612a706233b9ca6
cifar10_iid,4,federaser,0-1,2,True,0.5,0.4027,0.2238888888888889,cifar10_iid/seed4/federaser_del0-1,d8f95476cba146574915d2396ac2c51316a50fa6eeb1dfd57180a4d0bc2114e9
cifar10_iid,4,federaser,0-2-3,3,False,0.75,0.4498,0.37177777777777776,cifar10_iid/seed4/federaser_del0-2-3,3d1cc4bcbee991849cdf660f742b1419d8c8e625df8da22d8da7d6c92ea0a7d6
cifar10_iid,4,federaser,0-2,2,False,0.5,0.4019,0.24933333333333332,cifar10_iid/seed4/federaser_del0-2,5d30cad289a66d98f8943521a2a19052dc85d8faae751d4472018eb2ebf3c242
cifar10_iid,4,federaser,0-3,2,False,0.5,0.4341,0.31166666666666665,cifar10_iid/seed4/federaser_del0-3,e2b633daf9859ac57ffa3dd4a8d7b7c4d88ec8cbb3f4dcd7d4ce6085482a9b12
cifar10_iid,4,federaser,0,1,True,0.25,0.4512,0.5721111111111111,cifar10_iid/seed4/federaser_del0,06fd188bdafa0caaba340717bdc50d846b3485a85ce810e596d6471066cd89af
cifar10_iid,4,federaser,1-2-3,3,False,0.75,0.4785,0.31077777777777776,cifar10_iid/seed4/federaser_del1-2-3,c5c40ce0eb17e27638e47fc5008594af387aa214f03e055767e099db1df9efc2
cifar10_iid,4,federaser,1-2,2,False,0.5,0.4454,0.2768888888888889,cifar10_iid/seed4/federaser_del1-2,083b1e0ab1c12ac29ff90fa5f606d7c0a8fd7a2bbad69bb116503578cf237306
cifar10_iid,4,federaser,1-3,2,False,0.5,0.4197,0.24888888888888888,cifar10_iid/seed4/federaser_del1-3,cdbeaf244cbb1fcc7f0592d7a1ceafbeba77d2d662437db5e428995d6c786c16
cifar10_iid,4,federaser,1,1,False,0.25,0.4202,0.5112222222222222,cifar10_iid/seed4/federaser_del1,92e5ad58ee947410fb85e3e778321f81a420486a88b423883833ecf5a38fa9ca
cifar10_iid,4,federaser,2-3,2,False,0.5,0.4287,0.18188888888888888,cifar10_iid/seed4/federaser_del2-3,3e839ce5f7bcf332f35b6c1e2df23bc72fec7ac15779e0e702284a79ef86d5a3
cifar10_iid,4,federaser,2,1,False,0.25,0.4552,0.6148888888888889,cifar10_iid/seed4/federaser_del2,924d16f49c34e4112cbe11a6275effa8194efe1ff65d19f2867f50d275a07e4f
cifar10_iid,4,federaser,3,1,False,0.25,0.4441,0.5204444444444445,cifar10_iid/seed4/federaser_del3,93890dc9e4a2b55e020b23e8205a41f177aed62e64ee685210307711f4efba65
cifar10_iid,4,short_retrain,0-1-2-3,4,True,1.0,0.6863,0.8322222222222222,cifar10_iid/seed4/short_retrain_del0-1-2-3,d2c543520aef2b6fd9db9d9bb9a713f22e69b2430c696da8efc989b2740661ce
cifar10_iid,4,short_retrain,0-1-2,3,True,0.75,0.6874,0.8637777777777778,cifar10_iid/seed4/short_retrain_del0-1-2,d9fe5dc2237b36fd9192827a6103860c30788f74f8dc1726c210ce097aae005d
cifar10_iid,4,short_retrain,0-1-3,3,False,0.75,0.6889,0.8673333333333333,cifar10_iid/seed4/short_retrain_del0-1-3,133119f237461f013e5df093bdfae128b0bb85599e5e6b15e0723fd86c9b102f
cifar10_iid,4,short_retrain,0-1,2,True,0.5,0.6867,0.8821111111111111,cifar10_iid/seed4/short_retrain_del0-1,4d5037f000d9903ba727f203add1aa5530f8f645119b1a6d2a0dbd69cd10de7f
cifar10_iid,4,short_retrain,0-2-3,3,False,0.75,0.6891,0.865,cifar10_iid/seed4/short_retrain_del0-2-3,33408f8a7a9775bb0ecfc251efa9db6dbe40f00b986c298ab631d37c51125a60
cifar10_iid,4,short_retrain,0-2,2,False,0.5,0.6889,0.8835555555555555,cifar10_iid/seed4/short_retrain_del0-2,b77f75920cc8512eff207eb533452b3792bcd172d119d5dfc4e6bc22635010f7
cifar10_iid,4,short_retrain,0-3,2,False,0.5,0.6864,0.8858888888888888,cifar10_iid/seed4/short_retrain_del0-3,9b9998e16385c4ff34190ff4e1b2696851711f8ef3f11dbb75a31e9c6009d9c9
cifar10_iid,4,short_retrain,0,1,True,0.25,0.6855,0.9028888888888889,cifar10_iid/seed4/short_retrain_del0,373e83eac459c6cbf5f52b4ecf2bca7588b1ad1bab4d91b3d24bb4b361457dec
cifar10_iid,4,short_retrain,1-2-3,3,False,0.75,0.6886,0.8596666666666667,cifar10_iid/seed4/short_retrain_del1-2-3,a937ac08e5eeac6985051bc1369f5cfe6550ade82272be6cef19d4333d4dca26
cifar10_iid,4,short_retrain,1-2,2,False,0.5,0.6866,0.8831111111111111,cifar10_iid/seed4/short_retrain_del1-2,be33a107d371a880813b271700c01d2b7521910f22863f6e950f96df26332dee
cifar10_iid,4,short_retrain,1-3,2,False,0.5,0.6889,0.8853333333333333,cifar10_iid/seed4/short_retrain_del1-3,fe17bba046b8350f0f91726ecaca1153aa2a7aa2da6f869d3882a227952205b5
cifar10_iid,4,short_retrain,1,1,False,0.25,0.6874,0.9031111111111111,cifar10_iid/seed4/short_retrain_del1,80eaaf55f1c4ad4914a7f681285f07ed78945a4c99190710e538fd3e33634aa8
cifar10_iid,4,short_retrain,2-3,2,False,0.5,0.6879,0.8864444444444445,cifar10_iid/seed4/short_retrain_del2-3,5abd09e9c091bcd78286772a91c05cd1fbb981025fb90580229adae383cfc1eb
cifar10_iid,4,short_retrain,2,1,False,0.25,0.6882,0.9022222222222223,cifar10_iid/seed4/short_retrain_del2,0dd8ae29c5d1a3d47282c5c8c6625c9ad903b05ee59416f448a1caae59f8918e
cifar10_iid,4,short_retrain,3,1,False,0.25,0.6869,0.9063333333333333,cifar10_iid/seed4/short_retrain_del3,eef64eec2280bc206a5505770803cd035c13044c0d8e1f96be7242863e4932b1
