exp_id,seed,alpha,BA_before,ASR_before,BA_after_ascent,ASR_after_ascent,BA_after_recovery,ASR_after_recovery,stored_BA,stored_ASR,reproduced_checkpoint_identical,runtime_sec
cifar10_iid,0,0.25,0.6886,0.9093333333333333,0.3765,0.021444444444444443,0.6874,0.9114444444444444,0.6874,0.9114444444444444,True,29.67548894882202
cifar10_iid,0,0.5,0.6886,0.9093333333333333,0.3188,0.0012222222222222222,0.6873,0.886,0.6873,0.886,True,25.137798070907593
cifar10_iid,0,0.75,0.6886,0.9093333333333333,0.2792,0.0005555555555555556,0.6801,0.8364444444444444,0.6801,0.8364444444444444,True,25.45124101638794
cifar10_iid,0,1.0,0.6886,0.9093333333333333,0.3751,0.001888888888888889,0.6899,0.7164444444444444,0.6899,0.7164444444444444,True,27.197611093521118
cifar10_iid,1,0.25,0.6859,0.9164444444444444,0.3246,0.00044444444444444447,0.6798,0.8948888888888888,0.6798,0.8948888888888888,True,28.368874073028564
cifar10_iid,1,0.5,0.6859,0.9164444444444444,0.3906,0.009,0.681,0.8927777777777778,0.681,0.8927777777777778,True,41.566869020462036
cifar10_iid,1,0.75,0.6859,0.9164444444444444,0.3249,0.0012222222222222222,0.6803,0.8401111111111111,0.6803,0.8401111111111111,True,44.26183819770813
cifar10_iid,1,1.0,0.6859,0.9164444444444444,0.3118,0.0007777777777777777,0.6809,0.7484444444444445,0.6809,0.7484444444444445,True,44.56786274909973
cifar10_iid,2,0.25,0.6921,0.9155555555555556,0.4537,0.005555555555555556,0.6931,0.9148888888888889,0.6931,0.9148888888888889,True,39.24406814575195
cifar10_iid,2,0.5,0.6921,0.9155555555555556,0.5002,0.002777777777777778,0.695,0.8906666666666667,0.695,0.8906666666666667,True,39.18823194503784
cifar10_iid,2,0.75,0.6921,0.9155555555555556,0.4859,0.012666666666666666,0.6924,0.8595555555555555,0.6924,0.8595555555555555,True,38.40207099914551
cifar10_iid,2,1.0,0.6921,0.9155555555555556,0.4659,0.010555555555555556,0.6947,0.7984444444444444,0.6947,0.7984444444444444,True,35.514816999435425
cifar10_iid,3,0.25,0.6825,0.9108888888888889,0.4834,0.00011111111111111112,0.6912,0.899,0.6912,0.899,True,33.43956184387207
cifar10_iid,3,0.5,0.6825,0.9108888888888889,0.4931,0.0,0.6914,0.8773333333333333,0.6914,0.8773333333333333,True,36.19683599472046
cifar10_iid,3,0.75,0.6825,0.9108888888888889,0.44,0.0,0.6895,0.8332222222222222,0.6895,0.8332222222222222,True,38.399781942367554
cifar10_iid,3,1.0,0.6825,0.9108888888888889,0.4664,0.0005555555555555556,0.6899,0.7265555555555555,0.6899,0.7265555555555555,True,36.27617287635803
cifar10_iid,4,0.25,0.6821,0.9066666666666666,0.3604,0.0,0.6777,0.8826666666666667,0.6777,0.8826666666666667,True,33.65686082839966
cifar10_iid,4,0.5,0.6821,0.9066666666666666,0.363,0.0023333333333333335,0.6819,0.857,0.6819,0.857,True,36.402069091796875
cifar10_iid,4,0.75,0.6821,0.9066666666666666,0.382,0.00022222222222222223,0.6845,0.816,0.6845,0.816,True,37.07301878929138
cifar10_iid,4,1.0,0.6821,0.9066666666666666,0.3621,0.008222222222222223,0.6805,0.7133333333333334,0.6805,0.7133333333333334,True,41.05753183364868
mnist_iid,0,0.25,0.9862,0.9922394678492239,0.8014,0.09068736141906873,0.9865,0.9801552106430155,0.9865,0.9801552106430155,True,40.598679065704346
mnist_iid,0,0.5,0.9862,0.9922394678492239,0.8062,0.08636363636363636,0.9866,0.9445676274944568,0.9866,0.9445676274944568,True,43.22501182556152
mnist_iid,0,0.75,0.9862,0.9922394678492239,0.8012,0.09434589800443459,0.9863,0.8645232815964523,0.9863,0.8645232815964523,True,45.60456085205078
mnist_iid,0,1.0,0.9862,0.9922394678492239,0.8184,0.10343680709534368,0.9856,0.5057649667405765,0.9856,0.5057649667405765,True,51.10803198814392
mnist_iid,1,0.25,0.9845,0.9939024390243902,0.7789,0.08592017738359202,0.9839,0.9717294900221729,0.9839,0.9717294900221729,True,36.889764070510864
mnist_iid,1,0.5,0.9845,0.9939024390243902,0.8153,0.10909090909090909,0.9855,0.9337028824833703,0.9855,0.9337028824833703,True,40.187626123428345
mnist_iid,1,0.75,0.9845,0.9939024390243902,0.805,0.11108647450110865,0.9855,0.7871396895787139,0.9855,0.7871396895787139,True,42.73742079734802
mnist_iid,1,1.0,0.9845,0.9939024390243902,0.8083,0.09412416851441242,0.9863,0.35210643015521065,0.9863,0.35210643015521065,True,47.4955780506134
mnist_iid,2,0.25,0.9858,0.9970066518847006,0.8134,0.12106430155210643,0.9862,0.9847006651884701,0.9862,0.9847006651884701,True,43.651561975479126
mnist_iid,2,0.5,0.9858,0.9970066518847006,0.7879,0.12028824833702882,0.9865,0.9620842572062084,0.9865,0.9620842572062084,True,48.865633964538574
mnist_iid,2,0.75,0.9858,0.9970066518847006,0.8254,0.12161862527716186,0.9868,0.8658536585365854,0.9868,0.8658536585365854,True,57.45829486846924
mnist_iid,2,1.0,0.9858,0.9970066518847006,0.8214,0.11940133037694013,0.9872,0.5188470066518847,0.9872,0.5188470066518847,True,62.06828999519348
mnist_iid,3,0.25,0.9858,0.9952328159645233,0.797,0.09767184035476718,0.9865,0.9701773835920178,0.9865,0.9701773835920178,True,39.843443870544434
mnist_iid,3,0.5,0.9858,0.9952328159645233,0.8164,0.1188470066518847,0.987,0.9480044345898004,0.987,0.9480044345898004,True,45.491957902908325
mnist_iid,3,0.75,0.9858,0.9952328159645233,0.8115,0.09290465631929047,0.9866,0.792350332594235,0.9866,0.792350332594235,True,48.469305992126465
mnist_iid,3,1.0,0.9858,0.9952328159645233,0.8152,0.12416851441241686,0.9865,0.47350332594235034,0.9865,0.47350332594235034,True,51.030527114868164
mnist_iid,4,0.25,0.9851,0.9953436807095344,0.7278,0.08093126385809313,0.9858,0.9851441241685144,0.9858,0.9851441241685144,True,39.76487970352173
mnist_iid,4,0.5,0.9851,0.9953436807095344,0.7695,0.048337028824833705,0.9852,0.9518847006651885,0.9852,0.9518847006651885,True,47.3716459274292
mnist_iid,4,0.75,0.9851,0.9953436807095344,0.7434,0.05909090909090909,0.9859,0.8502217294900222,0.9859,0.8502217294900222,True,51.30085015296936
mnist_iid,4,1.0,0.9851,0.9953436807095344,0.706,0.06895787139689578,0.9857,0.6008869179600886,0.9857,0.6008869179600886,True,64.75517511367798
gtsrb_iid,0,0.25,0.8319873317498021,0.8408114558472554,0.7102929532858274,0.0,0.8385589865399842,0.811217183770883,0.8385589865399842,0.811217183770883,True,16.28395104408264
gtsrb_iid,0,0.5,0.8319873317498021,0.8408114558472554,0.7155977830562154,0.0,0.8391132224861441,0.7795544948289579,0.8391132224861441,0.7795544948289579,True,15.596832752227783
gtsrb_iid,0,0.75,0.8319873317498021,0.8408114558472554,0.7570863024544735,0.0,0.8411718131433096,0.7400159108989658,0.8411718131433096,0.7400159108989658,True,15.382323026657104
gtsrb_iid,0,1.0,0.8319873317498021,0.8408114558472554,0.6927157561361836,0.0,0.843784639746635,0.33389021479713604,0.843784639746635,0.33389021479713604,True,15.905343055725098
gtsrb_iid,1,0.25,0.8353919239904988,0.82824184566428,0.7400633412509897,0.0,0.8375296912114014,0.7918058870326173,0.8375296912114014,0.7918058870326173,True,15.758141040802002
gtsrb_iid,1,0.5,0.8353919239904988,0.82824184566428,0.748535233570863,0.0,0.8384006334125099,0.7571996817820207,0.8384006334125099,0.7571996817820207,True,15.766318082809448
gtsrb_iid,1,0.75,0.8353919239904988,0.82824184566428,0.7566904196357878,0.0,0.841963578780681,0.722593476531424,0.841963578780681,0.722593476531424,True,15.821860074996948
gtsrb_iid,1,1.0,0.8353919239904988,0.82824184566428,0.7507521773555028,0.0,0.8442596991290579,0.14192521877486078,0.8442596991290579,0.14192521877486078,True,15.656633853912354
gtsrb_iid,2,0.25,0.8193982581155977,0.8645186953062848,0.7845605700712589,0.0,0.8257323832145684,0.8260938743038981,0.8257323832145684,0.8260938743038981,True,15.593209028244019
gtsrb_iid,2,0.5,0.8193982581155977,0.8645186953062848,0.735550277117973,0.0,0.8358669833729216,0.7962609387430389,0.8358669833729216,0.7962609387430389,True,15.835806131362915
gtsrb_iid,2,0.75,0.8193982581155977,0.8645186953062848,0.781631037212985,0.0,0.8243072050673,0.7568019093078759,0.8243072050673,0.7568019093078759,True,16.093218088150024
gtsrb_iid,2,1.0,0.8193982581155977,0.8645186953062848,0.7795724465558195,0.0,0.8344418052256533,0.18257756563245822,0.8344418052256533,0.18257756563245822,True,16.48847198486328
gtsrb_iid,3,0.25,0.8194774346793349,0.7985680190930787,0.6855898653998417,0.0,0.8186856690419636,0.7703261734287987,0.8186856690419636,0.7703261734287987,True,16.60332703590393
gtsrb_iid,3,0.5,0.8194774346793349,0.7985680190930787,0.6844022169437847,0.0,0.8294536817102138,0.7369928400954654,0.8294536817102138,0.7369928400954654,True,15.43527889251709
gtsrb_iid,3,0.75,0.8194774346793349,0.7985680190930787,0.6722882026920032,0.0,0.8291369754552652,0.6677804295942721,0.8291369754552652,0.6677804295942721,True,15.590939998626709
gtsrb_iid,3,1.0,0.8194774346793349,0.7985680190930787,0.6889152810768012,0.0,0.8292953285827395,0.043993635640413684,0.8292953285827395,0.043993635640413684,True,15.323185920715332
gtsrb_iid,4,0.25,0.8335708630245448,0.839538583929992,0.7748218527315914,0.0,0.8380839271575614,0.8090692124105012,0.8380839271575614,0.8090692124105012,True,15.879657983779907
gtsrb_iid,4,0.5,0.8335708630245448,0.839538583929992,0.7707838479809976,0.0,0.840221694378464,0.7746221161495624,0.840221694378464,0.7746221161495624,True,15.716584920883179
gtsrb_iid,4,0.75,0.8335708630245448,0.839538583929992,0.7753760886777514,0.0,0.8429136975455265,0.7197295147175815,0.8429136975455265,0.7197295147175815,True,15.831114292144775
gtsrb_iid,4,1.0,0.8335708630245448,0.839538583929992,0.7778305621536026,0.0,0.842596991290578,0.05163086714399363,0.842596991290578,0.05163086714399363,True,15.796710968017578
cifar10_dirichlet,0,0.25,0.6708,0.9381111111111111,0.4148,0.003,0.6744,0.9357777777777778,0.6744,0.9357777777777778,True,35.989062786102295
cifar10_dirichlet,0,0.5,0.6708,0.9381111111111111,0.3247,0.00788888888888889,0.666,0.9205555555555556,0.666,0.9205555555555556,True,32.83756113052368
cifar10_dirichlet,0,0.75,0.6708,0.9381111111111111,0.2508,0.0022222222222222222,0.6625,0.882,0.6625,0.882,True,37.340270042419434
cifar10_dirichlet,0,1.0,0.6708,0.9381111111111111,0.3076,0.026222222222222223,0.6653,0.8143333333333334,0.6653,0.8143333333333334,True,35.603156328201294
cifar10_dirichlet,1,0.25,0.6639,0.9451111111111111,0.3139,0.005222222222222222,0.6605,0.9448888888888889,0.6605,0.9448888888888889,True,35.953449010849
cifar10_dirichlet,1,0.5,0.6639,0.9451111111111111,0.3,0.021444444444444443,0.6622,0.9152222222222223,0.6622,0.9152222222222223,True,41.8839590549469
cifar10_dirichlet,1,0.75,0.6639,0.9451111111111111,0.3347,0.01911111111111111,0.6608,0.8961111111111111,0.6608,0.8961111111111111,True,44.02110815048218
cifar10_dirichlet,1,1.0,0.6639,0.9451111111111111,0.3841,0.0008888888888888889,0.6651,0.8664444444444445,0.6651,0.8664444444444445,True,49.10373115539551
cifar10_dirichlet,2,0.25,0.6623,0.9214444444444444,0.228,0.016,0.6547,0.9106666666666666,0.6547,0.9106666666666666,True,39.831626892089844
cifar10_dirichlet,2,0.5,0.6623,0.9214444444444444,0.3285,0.017777777777777778,0.6652,0.8963333333333333,0.6652,0.8963333333333333,True,38.082279920578
cifar10_dirichlet,2,0.75,0.6623,0.9214444444444444,0.3404,0.008555555555555556,0.6677,0.8651111111111112,0.6677,0.8651111111111112,True,39.906368017196655
cifar10_dirichlet,2,1.0,0.6623,0.9214444444444444,0.3774,0.007,0.6677,0.8057777777777778,0.6677,0.8057777777777778,True,42.65897178649902
cifar10_dirichlet,3,0.25,0.6653,0.9252222222222222,0.4156,0.011555555555555555,0.6725,0.9225555555555556,0.6725,0.9225555555555556,True,35.1312620639801
cifar10_dirichlet,3,0.5,0.6653,0.9252222222222222,0.4736,0.007222222222222222,0.6685,0.8902222222222222,0.6685,0.8902222222222222,True,37.243178844451904
cifar10_dirichlet,3,0.75,0.6653,0.9252222222222222,0.4142,0.015555555555555555,0.6676,0.8446666666666667,0.6676,0.8446666666666667,True,38.00099587440491
cifar10_dirichlet,3,1.0,0.6653,0.9252222222222222,0.3725,0.0032222222222222222,0.6654,0.7825555555555556,0.6654,0.7825555555555556,True,33.32996988296509
cifar10_dirichlet,4,0.25,0.6595,0.8844444444444445,0.4132,0.0017777777777777779,0.6628,0.8656666666666667,0.6628,0.8656666666666667,True,31.758921146392822
cifar10_dirichlet,4,0.5,0.6595,0.8844444444444445,0.4459,0.0013333333333333333,0.6651,0.8265555555555556,0.6651,0.8265555555555556,True,31.52246618270874
cifar10_dirichlet,4,0.75,0.6595,0.8844444444444445,0.4401,0.0016666666666666668,0.6556,0.7358888888888889,0.6556,0.7358888888888889,True,35.34013295173645
cifar10_dirichlet,4,1.0,0.6595,0.8844444444444445,0.3671,0.0003333333333333333,0.6644,0.6361111111111111,0.6644,0.6361111111111111,True,37.99488687515259
