exp_id,method,alpha,n,BA,BA_std,ASR,ASR_std,cfASR,dASR,gap,BPR,ASR_ci95_half
cifar10_dirichlet,cf_sameinit,0.25,5,0.66448,0.003482384240717827,0.8966444444444445,0.04300397627323131,0.8966444444444445,0.026222222222222303,0.0,0.0,0.05339648911808024
cifar10_dirichlet,cf_sameinit,0.5,5,0.6650400000000001,0.0028936136576951715,0.8131777777777778,0.060368293533920016,0.8131777777777778,0.10968888888888895,0.0,0.0,0.07495713671406577
cifar10_dirichlet,cf_sameinit,0.75,5,0.6638200000000001,0.003285878877865067,0.5013777777777777,0.15164370196509652,0.5013777777777777,0.42148888888888897,0.0,0.0,0.18829052528440207
cifar10_dirichlet,cf_sameinit,1.0,5,0.66426,0.004452302774969384,0.0306222222222222,0.007612773541072559,0.0306222222222222,0.8922444444444444,0.0,0.0,0.009452506832427997
cifar10_dirichlet,federaser,0.25,5,0.44496,0.05452575538220448,0.6564888888888889,0.262974798116558,0.8966444444444445,0.26637777777777777,-0.24015555555555546,-4.264112903225806,0.3265263392562337
cifar10_dirichlet,federaser,0.5,5,0.4710599999999999,0.028914235248403152,0.21988888888888888,0.11602224137563952,0.8131777777777778,0.7029777777777778,-0.5932888888888889,-5.005703937019645,0.14406064010703906
cifar10_dirichlet,federaser,0.75,5,0.44118,0.014070074626667758,0.1719555555555555,0.1629211276267154,0.5013777777777777,0.7509111111111112,-0.3294222222222222,-0.8615976110469127,0.2022932987208536
cifar10_dirichlet,federaser,1.0,5,0.45519999999999994,0.019738287666360516,0.08519999999999997,0.09713263809202367,0.0306222222222222,0.8376666666666667,0.05457777777777776,0.06233543905131218,0.12060609976942158
cifar10_dirichlet,full_retrain,0.25,5,0.66374,0.004426398084221535,0.8951333333333332,0.04286487525777018,0.8966444444444445,0.027733333333333388,-0.0015111111111110853,0.19758064516128937,0.053223772395068605
cifar10_dirichlet,full_retrain,0.5,5,0.6641600000000001,0.00445286424675175,0.812711111111111,0.05877050994764447,0.8131777777777778,0.11015555555555559,-0.0004666666666666375,-0.022587573448526087,0.07297322635806644
cifar10_dirichlet,full_retrain,0.75,5,0.666,0.008758424515858981,0.47455555555555556,0.14600663776556508,0.5013777777777777,0.44831111111111116,-0.026822222222222213,-0.07288562971704846,0.18129118561228058
cifar10_dirichlet,full_retrain,1.0,5,0.66508,0.00725995867756832,0.029222222222222198,0.009867955371295324,0.0306222222222222,0.8936444444444446,-0.0013999999999999998,-0.0017964431450926879,0.012252684920418885
cifar10_dirichlet,grad_negation,0.25,5,0.66498,0.008303433024960238,0.9159111111111111,0.030945731072394043,0.8966444444444445,0.006955555555555604,0.0192666666666667,0.659274193548387,0.038424200170687366
cifar10_dirichlet,grad_negation,0.5,5,0.6654,0.00225499445675593,0.8897777777777778,0.03753303072044318,0.8131777777777778,0.033088888888888876,0.07660000000000007,0.7116051490985754,0.04660341298905024
cifar10_dirichlet,grad_negation,0.75,5,0.66284,0.005073756005170139,0.8447555555555557,0.06381780586700708,0.5013777777777777,0.07811111111111113,0.34337777777777784,0.817271084266161,0.07924027198941987
cifar10_dirichlet,grad_negation,1.0,5,0.6655800000000001,0.0012477980605850943,0.7810444444444444,0.08663284952767022,0.0306222222222222,0.14182222222222224,0.7504222222222222,0.8397007004540219,0.1075688903203123
cifar10_dirichlet,short_retrain,0.25,5,0.67014,0.0026168683574073807,0.922,0.023598624149055725,0.8966444444444445,0.0008666666666667045,0.025355555555555596,1.0040322580645165,0.029301562013024463
cifar10_dirichlet,short_retrain,0.5,5,0.6698000000000001,0.0026804850307360372,0.8996666666666666,0.03373059570211818,0.8131777777777778,0.023200000000000064,0.08648888888888888,0.8025788328035908,0.04188206632128686
cifar10_dirichlet,short_retrain,0.75,5,0.67,0.005778408085277486,0.8663333333333334,0.05171043546328411,0.5013777777777777,0.056533333333333366,0.3649555555555556,0.8688278514097696,0.0642069860461992
cifar10_dirichlet,short_retrain,1.0,5,0.66734,0.004205115931814472,0.8530888888888889,0.05391530852946276,0.0306222222222222,0.06977777777777786,0.8224666666666666,0.921112083352606,0.06694469755308234
cifar10_iid,cf_sameinit,0.25,5,0.68574,0.004087542048713397,0.8796888888888889,0.008662890915413047,0.8796888888888889,0.03208888888888881,0.0,,0.010756399770034845
cifar10_iid,cf_sameinit,0.5,5,0.68704,0.004542356216766739,0.8048222222222222,0.012627277938975947,0.8048222222222222,0.1069555555555555,0.0,0.0,0.015678836412139092
cifar10_iid,cf_sameinit,0.75,5,0.68532,0.001937008002048527,0.6007111111111112,0.023659179827784774,0.6007111111111112,0.3110666666666666,0.0,0.0,0.029376751819189136
cifar10_iid,cf_sameinit,1.0,5,0.68776,0.004054996917384795,0.02126666666666662,0.0021710781300804493,0.02126666666666662,0.8905111111111111,0.0,0.0,0.002695749551408448
cifar10_iid,federaser,0.25,5,0.40438,0.035692534233365936,0.5731555555555555,0.17836374956950707,0.8796888888888889,0.33862222222222216,-0.3065333333333333,,0.22146784642508946
cifar10_iid,federaser,0.5,5,0.42110000000000003,0.042929418817403045,0.35086666666666666,0.17968577511249403,0.8048222222222222,0.5609111111111111,-0.45395555555555556,-4.188833931611538,0.2231093579465222
cifar10_iid,federaser,0.75,5,0.43732,0.032775936294787984,0.20897777777777776,0.12164810614388975,0.6007111111111112,0.7028,-0.3917333333333334,-1.2569915611695646,0.1510460738485383
cifar10_iid,federaser,1.0,5,0.44408000000000003,0.024747060431493693,0.05799999999999998,0.017046957659127896,0.02126666666666662,0.8537777777777776,0.03673333333333336,0.041236351184730444,0.021166593604243063
cifar10_iid,fine_pruning,0.25,5,0.68458,0.002108791122894803,0.8836222222222222,0.010835071085696618,0.8796888888888889,0.02815555555555547,0.003933333333333344,,0.013453517685088118
cifar10_iid,fine_pruning,0.5,5,0.68536,0.004234146903450591,0.8635333333333334,0.010750653152710107,0.8048222222222222,0.04824444444444438,0.05871111111111112,0.5473283296409776,0.013348698976895989
cifar10_iid,fine_pruning,0.75,5,0.68536,0.0012621410380777756,0.8229333333333333,0.022557553277705936,0.6007111111111112,0.08884444444444439,0.22222222222222218,0.7166510282267384,0.028008901792490867
cifar10_iid,fine_pruning,1.0,5,0.68474,0.0019007893097342853,0.6930888888888889,0.14113738600525047,0.02126666666666662,0.2186888888888888,0.6718222222222223,0.7545560072465463,0.17524521100330762
cifar10_iid,full_retrain,0.25,5,0.6845,0.007015340333868352,0.8827555555555555,0.01134079275213661,0.8796888888888889,0.029022222222222126,0.003066666666666684,,0.014081454071418196
cifar10_iid,full_retrain,0.5,5,0.68304,0.005260988500272556,0.8188666666666666,0.01220867936559282,0.8048222222222222,0.09291111111111103,0.01404444444444446,0.12432393989697348,0.015159077633869783
cifar10_iid,full_retrain,0.75,5,0.6851,0.007478970517390749,0.6097111111111111,0.047250357631411624,0.6007111111111112,0.3020666666666666,0.008999999999999963,0.0299481171248059,0.058669067973176406
cifar10_iid,full_retrain,1.0,5,0.68582,0.009000388880487315,0.02295555555555554,0.001462705087445692,0.02126666666666662,0.8888222222222222,0.0016888888888889197,0.0018898351468742067,0.001816188247070808
cifar10_iid,grad_negation,0.25,5,0.68584,0.006830300139818209,0.9005777777777777,0.01302452577274645,0.8796888888888889,0.011199999999999965,0.020888888888888846,,0.01617208474569637
cifar10_iid,grad_negation,0.5,5,0.6873199999999999,0.006019717601349734,0.8807555555555556,0.014545670943957064,0.8048222222222222,0.031022222222222152,0.07593333333333334,0.7082772178136763,0.018060835940830095
cifar10_iid,grad_negation,0.75,5,0.68536,0.00549345064599655,0.8370666666666666,0.015604407417912327,0.6007111111111112,0.07471111111111106,0.2363555555555555,0.7573016112316668,0.01937543090412555
cifar10_iid,grad_negation,1.0,5,0.6871799999999999,0.006233137251817903,0.7406444444444444,0.03511308011356632,0.02126666666666662,0.17113333333333328,0.7193777777777778,0.8076991414988193,0.04359864744305993
cifar10_iid,short_retrain,0.25,5,0.6911799999999999,0.004466206443952176,0.9097333333333333,0.004035796615414031,0.8796888888888889,0.00204444444444436,0.03004444444444445,,0.005011103361432258
cifar10_iid,short_retrain,0.5,5,0.69018,0.002785139134765049,0.8916444444444445,0.0077301717675324596,0.8048222222222222,0.02013333333333329,0.0868222222222222,0.8096144871753028,0.00959827598367623
cifar10_iid,short_retrain,0.75,5,0.69056,0.0023849528297222116,0.876511111111111,0.010491207370878037,0.6007111111111112,0.0352666666666666,0.2758,0.8856452390881339,0.013026554490109246
cifar10_iid,short_retrain,1.0,5,0.6911400000000001,0.0030253925365148824,0.8373777777777779,0.011823443963604421,0.02126666666666662,0.07439999999999994,0.8161111111111111,0.916435281547489,0.014680744704387242
cifar10_iid_federaser_dt1,cf_sameinit,1.0,5,0.68776,0.004054996917384795,0.02126666666666662,0.0021710781300804493,0.02126666666666662,0.8905111111111111,0.0,0.0,0.002695749551408448
cifar10_iid_federaser_dt1,federaser,1.0,5,0.5848,0.01956872504789211,0.03179999999999996,0.0257715988763207,0.02126666666666662,0.8799777777777777,0.01053333333333334,0.011748884144657214,0.03199966650087606
cifar10_iid_federaser_dt1,full_retrain,1.0,5,0.68582,0.009000388880487315,0.02295555555555554,0.001462705087445692,0.02126666666666662,0.8888222222222222,0.0016888888888889197,0.0018898351468742067,0.001816188247070808
cifar10_iid_federaser_r1,cf_sameinit,1.0,5,0.68776,0.004054996917384795,0.02126666666666662,0.0021710781300804493,0.02126666666666662,0.8905111111111111,0.0,0.0,0.002695749551408448
cifar10_iid_federaser_r1,federaser,1.0,5,0.6288199999999999,0.00678763581816228,0.02682222222222218,0.007330639235765047,0.02126666666666662,0.8849555555555556,0.005555555555555558,0.00620561846924386,0.009102190822869432
cifar10_iid_federaser_r1,full_retrain,1.0,5,0.68582,0.009000388880487315,0.02295555555555554,0.001462705087445692,0.02126666666666662,0.8888222222222222,0.0016888888888889197,0.0018898351468742067,0.001816188247070808
gtsrb_iid,cf_sameinit,0.25,5,0.8256057007125891,0.007575877425319513,0.7982657120127288,0.029801383473955976,0.7982657120127288,0.03607000795544948,0.0,,0.03700330495627582
gtsrb_iid,cf_sameinit,0.5,5,0.8256848772763263,0.0064555852708004435,0.7281145584725537,0.030313112576559515,0.7281145584725537,0.10622116149562448,0.0,0.0,0.03763870055981176
gtsrb_iid,cf_sameinit,0.75,5,0.82486144101346,0.007903788329884656,0.6079872712808274,0.015077266421266932,0.6079872712808274,0.22634844868735082,0.0,0.0,0.01872089890661375
gtsrb_iid,cf_sameinit,1.0,5,0.8239429928741092,0.009164084430615333,0.00238663484486868,0.0011719108880394575,0.00238663484486868,0.8319490851233095,0.0,0.0,0.0014551195587815993
gtsrb_iid,federaser,0.25,5,0.5624228028503563,0.06332869531140879,0.7926968973747017,0.01573745963057441,0.7982657120127288,0.04163882259347653,-0.005568814638027053,,0.01954063704646936
gtsrb_iid,federaser,0.5,5,0.5508471892319873,0.059885135229532725,0.6964518695306284,0.023667000924754635,0.7281145584725537,0.13788385043754972,-0.031662688941925234,-0.32891279388310923,0.02938646299372311
gtsrb_iid,federaser,0.75,5,0.5472209026128266,0.05591279969229723,0.38564836913285594,0.08045385827401812,0.6079872712808274,0.4486873508353222,-0.22233890214797142,-0.9802360148545504,0.09989665933543651
gtsrb_iid,federaser,1.0,5,0.5466349960411718,0.049451167923527634,0.0012728719172632717,0.0013802188999918609,0.00238663484486868,0.833062848050915,-0.0011137629276054086,-0.0013741310340254008,0.0017137681177602983
gtsrb_iid,full_retrain,0.25,5,0.8268566904196358,0.005520656523438888,0.7816865552903739,0.020927021187405494,0.7982657120127288,0.05264916467780427,-0.01657915672235479,,0.025984328798048826
gtsrb_iid,full_retrain,0.5,5,0.8263974663499605,0.006741780955824751,0.7238822593476532,0.02269809777092972,0.7281145584725537,0.11045346062052504,-0.004232299124900552,-0.05305448911327075,0.028183410829872593
gtsrb_iid,full_retrain,0.75,5,0.8243230403800474,0.008422242983927599,0.5936674622116149,0.019241879065495307,0.6079872712808274,0.24066825775656323,-0.014319809069212397,-0.06841076243698337,0.02389194849341624
gtsrb_iid,full_retrain,1.0,5,0.8232304038004751,0.006420775094880899,0.00168655529037384,0.0006043000482047407,0.00238663484486868,0.8326491646778044,-0.0007000795544948401,-0.0008444352178111275,0.0007503376139686268
gtsrb_iid,grad_negation,0.25,5,0.8317181314330957,0.009038378429892238,0.8017024661893396,0.021343345665305866,0.7982657120127288,0.0326332537788385,0.0034367541766109786,,0.026501263913828708
gtsrb_iid,grad_negation,0.5,5,0.8366112430720507,0.004309344049947305,0.7689260143198091,0.022637594605219455,0.7281145584725537,0.06540970564836912,0.04081145584725536,0.37878855679762813,0.028108286227232823
gtsrb_iid,grad_negation,0.75,5,0.8358986539984163,0.008571498424915832,0.7213842482100239,0.03346311147536761,0.6079872712808274,0.11295147175815431,0.11339697692919651,0.49516527457589826,0.04154994078684329
gtsrb_iid,grad_negation,1.0,5,0.8388756927949327,0.006677875490930916,0.1508035003977724,0.1181658987310232,0.00238663484486868,0.6835322195704058,0.14841686555290373,0.17692074285877732,0.14672234226970365
gtsrb_iid,short_retrain,0.25,5,0.8330641330166271,0.007574636095465619,0.8326491646778044,0.019589282731554327,0.7982657120127288,0.0016865552903739145,0.034383452665075566,,0.02432330711840576
gtsrb_iid,short_retrain,0.5,5,0.8351068883610452,0.007928258934291691,0.8120445505171043,0.01947896314024005,0.7281145584725537,0.022291169451073966,0.08392999204455051,0.793234205915947,0.024186327253574284
gtsrb_iid,short_retrain,0.75,5,0.8336342042755345,0.009519545474151223,0.7678281622911695,0.03069353246357479,0.6079872712808274,0.06650755767700874,0.1598408910103421,0.705553766723898,0.038111054237719384
gtsrb_iid,short_retrain,1.0,5,0.8362153602533651,0.012053263387868642,0.6875258552108194,0.03695395771823933,0.00238663484486868,0.14680986475735874,0.6851392203659508,0.823295111468705,0.045884398889881946
mnist_iid,cf_sameinit,0.25,5,0.9853799999999999,0.0006572670690061768,0.9900221729490022,0.004283742591211002,0.9900221729490022,0.004722838137472318,0.0,,0.005318968953078819
mnist_iid,cf_sameinit,0.5,5,0.9856999999999999,0.0010700467279516116,0.9728159645232817,0.005532361837172877,0.9728159645232817,0.0219290465631929,0.0,,0.006869334518254063
mnist_iid,cf_sameinit,0.75,5,0.9860200000000001,0.0007854934754662206,0.8491574279379158,0.005625552896744767,0.8491574279379158,0.14558758314855874,0.0,0.0,0.006985046501878898
mnist_iid,cf_sameinit,1.0,5,0.98566,0.0007635443667528711,0.00150776053215072,0.00020139581069381876,0.00150776053215072,0.9932372505543237,0.0,0.0,0.0002500659275275759
mnist_iid,federaser,0.25,5,0.96746,0.0012280065146407007,0.6207760532150776,0.05517883258879724,0.9900221729490022,0.3739689578713969,-0.3692461197339246,,0.06851356988842223
mnist_iid,federaser,0.5,5,0.9686400000000001,0.002013206397764548,0.16878048780487803,0.026460537196205173,0.9728159645232817,0.8259645232815964,-0.8040354767184036,,0.032855096409659605
mnist_iid,federaser,0.75,5,0.9686600000000001,0.002243434866449269,0.019356984478935642,0.0055474485111933515,0.8491574279379158,0.9753880266075388,-0.8298004434589801,-5.707612249305758,0.006888067098237869
mnist_iid,federaser,1.0,5,0.9707399999999999,0.001258173279004152,0.00310421286031036,0.00030361560837314345,0.00150776053215072,0.9916407982261642,0.00159645232815964,0.0016072079009792455,0.00037698857020966614
mnist_iid,full_retrain,0.25,5,0.9860599999999999,0.00043931765272981377,0.9905321507760532,0.003182996143113908,0.9900221729490022,0.004212860310421296,0.0005099778270510225,,0.003952211717325973
mnist_iid,full_retrain,0.5,5,0.9860800000000001,0.0004816637831517066,0.9755654101995563,0.006341909183780538,0.9728159645232817,0.019179600886918013,0.0027494456762748865,,0.00787452031337812
mnist_iid,full_retrain,0.75,5,0.98598,0.0006685805860178116,0.8438137472283813,0.013927630415568857,0.8491574279379158,0.1509312638580931,-0.005343680709534349,-0.03731086172356505,0.01729343726729962
mnist_iid,full_retrain,1.0,5,0.9862400000000001,0.0005941380311005511,0.00141906873614186,0.0004794179226261733,0.00150776053215072,0.9933259423503327,-8.869179600886003e-05,-8.951523663236977e-05,0.0005952759746185583
mnist_iid,grad_negation,0.25,5,0.9857800000000001,0.0010894952959971988,0.978381374722838,0.00707756572684523,0.9900221729490022,0.01636363636363638,-0.011640798226164062,,0.008787958557944588
mnist_iid,grad_negation,0.5,5,0.9861599999999999,0.0007700649323271524,0.9480487804878048,0.010363808091086854,0.9728159645232817,0.046696230598669605,-0.02476718403547671,,0.012868367390995424
mnist_iid,grad_negation,0.75,5,0.98622,0.0005263078946776328,0.8320177383592018,0.03911651655936526,0.8491574279379158,0.16272727272727272,-0.01713968957871397,-0.12412205836180894,0.04856957034690531
mnist_iid,grad_negation,1.0,5,0.98626,0.0006503845016603358,0.4902217294900222,0.09036471045638225,0.00150776053215072,0.5045232815964524,0.48871396895787134,0.4920042578784349,0.11220260768179728
mnist_iid,short_retrain,0.25,5,0.98698,0.0006833739825308058,0.9960310421286032,0.0017934749856978688,0.9900221729490022,-0.0012860310421286768,0.0060088691796009955,,0.002226893321420055
mnist_iid,short_retrain,0.5,5,0.98744,0.0006107372593841024,0.9930598669623059,0.0014318300923249448,0.9728159645232817,0.001685144124168514,0.020243902439024387,,0.0017778518771846604
mnist_iid,short_retrain,0.75,5,0.98694,0.0006913754406977609,0.9867184035476718,0.004617486684155317,0.8491574279379158,0.0080266075388026,0.13756097560975616,0.9441954442926688,0.005733366977901015
mnist_iid,short_retrain,1.0,5,0.98712,0.0006978538528947303,0.9704212860310422,0.009760631883203879,0.00150776053215072,0.024323725055432323,0.9689135254988914,0.9755051434227944,0.012119425209094096
