exp_id,dataset,architecture,partition,num_clients,num_malicious,poison_rate,rounds,local_epochs,batch_size,optimizer,lr,config_path,compromised_checkpoint_sha256,alpha,seed,method,BA,ASR,counterfactual_BA,counterfactual_ASR,runtime,status,checkpoint_path,checkpoint_sha256,run_id,deleted_clients,num_parameters,server_storage_bytes,fedup_n_pruned
cifar10_iid,cifar10,simplecnn,iid,20,4,0.5,40,2,64,sgd,0.01,configs/v8/cifar10_iid_fedup_simplecnn.json,71ba2b115e5d387e2ef5e5175301d7b1a5120580908b76b5df952219d03f7cde,0.0,0,before,0.6886,0.9093333333333333,,,127.89005398750305,completed,checkpoints/cifar10_iid/seed0/compromised.pt,71ba2b115e5d387e2ef5e5175301d7b1a5120580908b76b5df952219d03f7cde,cifar10_iid/seed0/compromised,,545098,,
cifar10_iid,cifar10,simplecnn,iid,20,4,0.5,40,2,64,sgd,0.01,configs/v8/cifar10_iid_fedup_simplecnn.json,71ba2b115e5d387e2ef5e5175301d7b1a5120580908b76b5df952219d03f7cde,1.0,0,cf_sameinit,0.6854,0.022444444444444444,0.6854,0.022444444444444444,185.272851228714,completed,checkpoints_v2/cifar10_iid/seed0/cf_sameinit_alpha1.00.pt,9bc77617917a868513eb11698b03244c517aa8090e7071951693ddfacd5ceb8f,cifar10_iid/seed0/cf_sameinit_alpha1.00,0 1 2 3,545098,,
cifar10_iid,cifar10,simplecnn,iid,20,4,0.5,40,2,64,sgd,0.01,configs/v8/cifar10_iid_fedup_simplecnn.json,71ba2b115e5d387e2ef5e5175301d7b1a5120580908b76b5df952219d03f7cde,1.0,0,fedup,0.6773,0.06677777777777778,0.6854,0.022444444444444444,34.3662211894989,completed,checkpoints_v8/cifar10_iid/seed0/fedup_alpha1.00.pt,dc6537e77e64d97c1693d92270230c1608d3ce1470fe39e16d94d8195332fac7,cifar10_iid/seed0/fedup_alpha1.00,0 1 2 3,545098,45788232.0,54488.0
cifar10_iid,cifar10,simplecnn,iid,20,4,0.5,40,2,64,sgd,0.01,configs/v8/cifar10_iid_fedup_simplecnn.json,7ffb0b59777d8bdfcb1ebc564115490456906b9dd2f730f08ad7cd814e55c033,0.0,1,before,0.6859,0.9164444444444444,,,131.17931294441223,completed,checkpoints/cifar10_iid/seed1/compromised.pt,7ffb0b59777d8bdfcb1ebc564115490456906b9dd2f730f08ad7cd814e55c033,cifar10_iid/seed1/compromised,,545098,,
cifar10_iid,cifar10,simplecnn,iid,20,4,0.5,40,2,64,sgd,0.01,configs/v8/cifar10_iid_fedup_simplecnn.json,7ffb0b59777d8bdfcb1ebc564115490456906b9dd2f730f08ad7cd814e55c033,1.0,1,cf_sameinit,0.6929,0.017777777777777778,0.6929,0.017777777777777778,182.50141525268555,completed,checkpoints_v2/cifar10_iid/seed1/cf_sameinit_alpha1.00.pt,9255e99220956c992a2284ddf4bd7c4851f70dd2e7ae66ef5d6bdba5bbb567a4,cifar10_iid/seed1/cf_sameinit_alpha1.00,0 1 2 3,545098,,
cifar10_iid,cifar10,simplecnn,iid,20,4,0.5,40,2,64,sgd,0.01,configs/v8/cifar10_iid_fedup_simplecnn.json,7ffb0b59777d8bdfcb1ebc564115490456906b9dd2f730f08ad7cd814e55c033,1.0,1,fedup,0.6712,0.051555555555555556,0.6929,0.017777777777777778,50.646206855773926,completed,checkpoints_v8/cifar10_iid/seed1/fedup_alpha1.00.pt,18722ff50f1a65fc80ba219cb3a4bdca5b201738eb36c4b41208a225a7581534,cifar10_iid/seed1/fedup_alpha1.00,0 1 2 3,545098,45788232.0,54488.0
cifar10_iid,cifar10,simplecnn,iid,20,4,0.5,40,2,64,sgd,0.01,configs/v8/cifar10_iid_fedup_simplecnn.json,1cff5ab85e19d20cb6d8fa0b39371035c1fa1aed86dd394d8b1847ba3fbefad9,0.0,2,before,0.6921,0.9155555555555556,,,129.64969420433044,completed,checkpoints/cifar10_iid/seed2/compromised.pt,1cff5ab85e19d20cb6d8fa0b39371035c1fa1aed86dd394d8b1847ba3fbefad9,cifar10_iid/seed2/compromised,,545098,,
cifar10_iid,cifar10,simplecnn,iid,20,4,0.5,40,2,64,sgd,0.01,configs/v8/cifar10_iid_fedup_simplecnn.json,1cff5ab85e19d20cb6d8fa0b39371035c1fa1aed86dd394d8b1847ba3fbefad9,1.0,2,cf_sameinit,0.6913,0.021444444444444443,0.6913,0.021444444444444443,147.37489700317383,completed,checkpoints_v2/cifar10_iid/seed2/cf_sameinit_alpha1.00.pt,de4d2e6a8d03f9a2efcf19dd8aa54fd6dcfe837b0b18e6117be7273d3c7bd380,cifar10_iid/seed2/cf_sameinit_alpha1.00,0 1 2 3,545098,,
cifar10_iid,cifar10,simplecnn,iid,20,4,0.5,40,2,64,sgd,0.01,configs/v8/cifar10_iid_fedup_simplecnn.json,1cff5ab85e19d20cb6d8fa0b39371035c1fa1aed86dd394d8b1847ba3fbefad9,1.0,2,fedup,0.6762,0.07322222222222222,0.6913,0.021444444444444443,62.785902976989746,completed,checkpoints_v8/cifar10_iid/seed2/fedup_alpha1.00.pt,e86fb657be559ef13084c9f1fb41a30a92be7ff42a09a1215df6681da7442bc8,cifar10_iid/seed2/fedup_alpha1.00,0 1 2 3,545098,45788232.0,54488.0
cifar10_iid,cifar10,simplecnn,iid,20,4,0.5,40,2,64,sgd,0.01,configs/v8/cifar10_iid_fedup_simplecnn.json,edcead742b516b8facd75d849daf6a485d39c71008855b94ca7d962f9cee21f2,0.0,3,before,0.6825,0.9108888888888889,,,134.7254388332367,completed,checkpoints/cifar10_iid/seed3/compromised.pt,edcead742b516b8facd75d849daf6a485d39c71008855b94ca7d962f9cee21f2,cifar10_iid/seed3/compromised,,545098,,
cifar10_iid,cifar10,simplecnn,iid,20,4,0.5,40,2,64,sgd,0.01,configs/v8/cifar10_iid_fedup_simplecnn.json,edcead742b516b8facd75d849daf6a485d39c71008855b94ca7d962f9cee21f2,1.0,3,cf_sameinit,0.6838,0.021111111111111112,0.6838,0.021111111111111112,167.4050829410553,completed,checkpoints_v2/cifar10_iid/seed3/cf_sameinit_alpha1.00.pt,2a0ddb6359571e5cdacb69e492cad653758d5ae0cd5affec53d9d28445e827f3,cifar10_iid/seed3/cf_sameinit_alpha1.00,0 1 2 3,545098,,
cifar10_iid,cifar10,simplecnn,iid,20,4,0.5,40,2,64,sgd,0.01,configs/v8/cifar10_iid_fedup_simplecnn.json,edcead742b516b8facd75d849daf6a485d39c71008855b94ca7d962f9cee21f2,1.0,3,fedup,0.6736,0.04455555555555556,0.6838,0.021111111111111112,69.37896227836609,completed,checkpoints_v8/cifar10_iid/seed3/fedup_alpha1.00.pt,a210d26140262ab13549cfa4d68d2c8cabe4702a0001dc4f8df2ed1e858a5221,cifar10_iid/seed3/fedup_alpha1.00,0 1 2 3,545098,45788232.0,54488.0
cifar10_iid,cifar10,simplecnn,iid,20,4,0.5,40,2,64,sgd,0.01,configs/v8/cifar10_iid_fedup_simplecnn.json,1baf2e4a28de9cb92fadab4c72d6aba2b2d526a5170c45b21dfaa6330d241a05,0.0,4,before,0.6821,0.9066666666666666,,,133.81375408172607,completed,checkpoints/cifar10_iid/seed4/compromised.pt,1baf2e4a28de9cb92fadab4c72d6aba2b2d526a5170c45b21dfaa6330d241a05,cifar10_iid/seed4/compromised,,545098,,
cifar10_iid,cifar10,simplecnn,iid,20,4,0.5,40,2,64,sgd,0.01,configs/v8/cifar10_iid_fedup_simplecnn.json,1baf2e4a28de9cb92fadab4c72d6aba2b2d526a5170c45b21dfaa6330d241a05,1.0,4,cf_sameinit,0.6854,0.023555555555555555,0.6854,0.023555555555555555,175.85013222694397,completed,checkpoints_v2/cifar10_iid/seed4/cf_sameinit_alpha1.00.pt,7285baa283e9c65803977450436b385d5c34251afec08b5007aefa97f1afac07,cifar10_iid/seed4/cf_sameinit_alpha1.00,0 1 2 3,545098,,
cifar10_iid,cifar10,simplecnn,iid,20,4,0.5,40,2,64,sgd,0.01,configs/v8/cifar10_iid_fedup_simplecnn.json,1baf2e4a28de9cb92fadab4c72d6aba2b2d526a5170c45b21dfaa6330d241a05,1.0,4,fedup,0.6709,0.07266666666666667,0.6854,0.023555555555555555,72.48272681236267,completed,checkpoints_v8/cifar10_iid/seed4/fedup_alpha1.00.pt,e9074b7770eb8befc5868675677bf08e127038fbf4e735d18ab99639b566a1b1,cifar10_iid/seed4/fedup_alpha1.00,0 1 2 3,545098,45788232.0,54488.0
cifar10_iid_resnet18,cifar10,resnet18,iid,20,4,0.5,30,2,64,sgd,0.05,configs/v8/cifar10_iid_fedup_resnet18.json,9d8460723e87732f0c732a30812ee3059aaa475066cb938221625d2d0d317dc0,0.0,0,before,0.7796,0.8142222222222222,,,1523.1582050323486,completed,checkpoints_resnet18/cifar10_iid_resnet18/seed0/compromised.pt,9d8460723e87732f0c732a30812ee3059aaa475066cb938221625d2d0d317dc0,cifar10_iid_resnet18/seed0/compromised,,11173962,,
cifar10_iid_resnet18,cifar10,resnet18,iid,20,4,0.5,30,2,64,sgd,0.05,configs/v8/cifar10_iid_fedup_resnet18.json,9d8460723e87732f0c732a30812ee3059aaa475066cb938221625d2d0d317dc0,1.0,0,cf_sameinit,0.7754,0.03155555555555556,0.7754,0.03155555555555556,2188.333307981491,completed,checkpoints_resnet18/cifar10_iid_resnet18/seed0/cf_sameinit_alpha1.00.pt,29c186f052ee3fa4e5a442b8942caeb907e0834e49a7fcd9201b7a500793418b,cifar10_iid_resnet18/seed0/cf_sameinit_alpha1.00,0 1 2 3,11173962,,
cifar10_iid_resnet18,cifar10,resnet18,iid,20,4,0.5,30,2,64,sgd,0.05,configs/v8/cifar10_iid_fedup_resnet18.json,9d8460723e87732f0c732a30812ee3059aaa475066cb938221625d2d0d317dc0,1.0,0,fedup,0.7685,0.03244444444444444,0.7754,0.03155555555555556,402.6909260749817,completed,checkpoints_v8/cifar10_iid_resnet18/seed0/fedup_alpha1.00.pt,691686bbc0b6b827685b540c6de12f67d2cf0ba8cf91ed1978bcccfd8e82f03e,cifar10_iid_resnet18/seed0/fedup_alpha1.00,0 1 2 3,11173962,939422568.0,1116445.0
cifar10_iid_resnet18,cifar10,resnet18,iid,20,4,0.5,30,2,64,sgd,0.05,configs/v8/cifar10_iid_fedup_resnet18.json,fdfdfe9d85cc614adecf5f46f6a8aa8d86c7a7882878b0d624d1efc204843d34,0.0,1,before,0.7434,0.7991111111111111,,,1521.289139032364,completed,checkpoints_resnet18/cifar10_iid_resnet18/seed1/compromised.pt,fdfdfe9d85cc614adecf5f46f6a8aa8d86c7a7882878b0d624d1efc204843d34,cifar10_iid_resnet18/seed1/compromised,,11173962,,
cifar10_iid_resnet18,cifar10,resnet18,iid,20,4,0.5,30,2,64,sgd,0.05,configs/v8/cifar10_iid_fedup_resnet18.json,fdfdfe9d85cc614adecf5f46f6a8aa8d86c7a7882878b0d624d1efc204843d34,1.0,1,cf_sameinit,0.7491,0.033555555555555554,0.7491,0.033555555555555554,2191.5147829055786,completed,checkpoints_resnet18/cifar10_iid_resnet18/seed1/cf_sameinit_alpha1.00.pt,1626f455617afe3aebaeee4357278265aff46acdfc501c2c0c7215b7e6c3dace,cifar10_iid_resnet18/seed1/cf_sameinit_alpha1.00,0 1 2 3,11173962,,
cifar10_iid_resnet18,cifar10,resnet18,iid,20,4,0.5,30,2,64,sgd,0.05,configs/v8/cifar10_iid_fedup_resnet18.json,fdfdfe9d85cc614adecf5f46f6a8aa8d86c7a7882878b0d624d1efc204843d34,1.0,1,fedup,0.7279,0.034555555555555555,0.7491,0.033555555555555554,469.7813868522644,completed,checkpoints_v8/cifar10_iid_resnet18/seed1/fedup_alpha1.00.pt,4b640a169423c0dc69234cebd1cc796fa5ddbc8690855111c5e4699210aee69c,cifar10_iid_resnet18/seed1/fedup_alpha1.00,0 1 2 3,11173962,939422568.0,1116445.0
cifar10_iid_resnet18,cifar10,resnet18,iid,20,4,0.5,30,2,64,sgd,0.05,configs/v8/cifar10_iid_fedup_resnet18.json,7b35277833edfd567b34d147cbcf27047942a3ffdd99ff7f66114932069e4b19,0.0,2,before,0.7632,0.8617777777777778,,,1536.7158710956573,completed,checkpoints_resnet18/cifar10_iid_resnet18/seed2/compromised.pt,7b35277833edfd567b34d147cbcf27047942a3ffdd99ff7f66114932069e4b19,cifar10_iid_resnet18/seed2/compromised,,11173962,,
cifar10_iid_resnet18,cifar10,resnet18,iid,20,4,0.5,30,2,64,sgd,0.05,configs/v8/cifar10_iid_fedup_resnet18.json,7b35277833edfd567b34d147cbcf27047942a3ffdd99ff7f66114932069e4b19,1.0,2,cf_sameinit,0.7851,0.029222222222222222,0.7851,0.029222222222222222,2123.731905937195,completed,checkpoints_resnet18/cifar10_iid_resnet18/seed2/cf_sameinit_alpha1.00.pt,6d42a65e17001acc2f4745127b9c27fb76f46c69b641d471e4bc7a920aff8d1f,cifar10_iid_resnet18/seed2/cf_sameinit_alpha1.00,0 1 2 3,11173962,,
cifar10_iid_resnet18,cifar10,resnet18,iid,20,4,0.5,30,2,64,sgd,0.05,configs/v8/cifar10_iid_fedup_resnet18.json,7b35277833edfd567b34d147cbcf27047942a3ffdd99ff7f66114932069e4b19,1.0,2,fedup,0.7851,0.04788888888888889,0.7851,0.029222222222222222,469.2724030017853,completed,checkpoints_v8/cifar10_iid_resnet18/seed2/fedup_alpha1.00.pt,b42f2a681021dac01c71ce0189f2b1c6ac49709c6f684b4f10a9c7fe0f4c7bcf,cifar10_iid_resnet18/seed2/fedup_alpha1.00,0 1 2 3,11173962,939422568.0,1116445.0
cifar10_iid_resnet18,cifar10,resnet18,iid,20,4,0.5,30,2,64,sgd,0.05,configs/v8/cifar10_iid_fedup_resnet18.json,e86c053aa7ec8ad10ac42e5d4d063b11cb9b6ec7b438f1fc14db041928346e6b,0.0,3,before,0.7683,0.942,,,1531.1701140403748,completed,checkpoints_resnet18/cifar10_iid_resnet18/seed3/compromised.pt,e86c053aa7ec8ad10ac42e5d4d063b11cb9b6ec7b438f1fc14db041928346e6b,cifar10_iid_resnet18/seed3/compromised,,11173962,,
cifar10_iid_resnet18,cifar10,resnet18,iid,20,4,0.5,30,2,64,sgd,0.05,configs/v8/cifar10_iid_fedup_resnet18.json,e86c053aa7ec8ad10ac42e5d4d063b11cb9b6ec7b438f1fc14db041928346e6b,1.0,3,cf_sameinit,0.7706,0.027444444444444445,0.7706,0.027444444444444445,2123.9772758483887,completed,checkpoints_resnet18/cifar10_iid_resnet18/seed3/cf_sameinit_alpha1.00.pt,746a2e3778e037256d1a8ac3816c1215f648a679b21d7075bd450babe7b2b0c5,cifar10_iid_resnet18/seed3/cf_sameinit_alpha1.00,0 1 2 3,11173962,,
cifar10_iid_resnet18,cifar10,resnet18,iid,20,4,0.5,30,2,64,sgd,0.05,configs/v8/cifar10_iid_fedup_resnet18.json,e86c053aa7ec8ad10ac42e5d4d063b11cb9b6ec7b438f1fc14db041928346e6b,1.0,3,fedup,0.7749,0.07088888888888889,0.7706,0.027444444444444445,267.9921967983246,completed,checkpoints_v8/cifar10_iid_resnet18/seed3/fedup_alpha1.00.pt,354d55eaa5346686c0c7353012b4c32771d2ca99f4653f52f32b140624b8bdfd,cifar10_iid_resnet18/seed3/fedup_alpha1.00,0 1 2 3,11173962,939422568.0,1116445.0
cifar10_iid_resnet18,cifar10,resnet18,iid,20,4,0.5,30,2,64,sgd,0.05,configs/v8/cifar10_iid_fedup_resnet18.json,ca1c718c5938720c62b14f447fb1d370f133ba3f1b0ab0a007f31908acc25bca,0.0,4,before,0.7867,0.9337777777777778,,,1548.2774958610535,completed,checkpoints_resnet18/cifar10_iid_resnet18/seed4/compromised.pt,ca1c718c5938720c62b14f447fb1d370f133ba3f1b0ab0a007f31908acc25bca,cifar10_iid_resnet18/seed4/compromised,,11173962,,
cifar10_iid_resnet18,cifar10,resnet18,iid,20,4,0.5,30,2,64,sgd,0.05,configs/v8/cifar10_iid_fedup_resnet18.json,ca1c718c5938720c62b14f447fb1d370f133ba3f1b0ab0a007f31908acc25bca,1.0,4,cf_sameinit,0.7921,0.022444444444444444,0.7921,0.022444444444444444,1160.0953478813171,completed,checkpoints_resnet18/cifar10_iid_resnet18/seed4/cf_sameinit_alpha1.00.pt,f66e07c1a5326b7b65c59728ef4bd993678dcb4b9fad6b9be6dafb4d94afbfdc,cifar10_iid_resnet18/seed4/cf_sameinit_alpha1.00,0 1 2 3,11173962,,
cifar10_iid_resnet18,cifar10,resnet18,iid,20,4,0.5,30,2,64,sgd,0.05,configs/v8/cifar10_iid_fedup_resnet18.json,ca1c718c5938720c62b14f447fb1d370f133ba3f1b0ab0a007f31908acc25bca,1.0,4,fedup,0.7765,0.04855555555555555,0.7921,0.022444444444444444,257.81553316116333,completed,checkpoints_v8/cifar10_iid_resnet18/seed4/fedup_alpha1.00.pt,660d97129af494fb397b265c546627c8800f0842406f48ec7a6f5fe0e8230c28,cifar10_iid_resnet18/seed4/fedup_alpha1.00,0 1 2 3,11173962,939422568.0,1116445.0
