exp_id,dataset,architecture,partition,num_clients,num_malicious,poison_rate,rounds,local_epochs,batch_size,optimizer,lr,config_path,compromised_checkpoint_sha256,alpha,seed,method,BA,ASR,counterfactual_BA,counterfactual_ASR,runtime,status,checkpoint_path,checkpoint_sha256,run_id,deleted_clients,num_parameters
cifar10_iid_resnet18,cifar10,resnet18,iid,20,4,0.5,30,2,64,sgd,0.05,configs/v7/cifar10_iid_resnet18.json,9d8460723e87732f0c732a30812ee3059aaa475066cb938221625d2d0d317dc0,0.0,0,before,0.7796,0.8142222222222222,,,1523.1582050323486,completed,checkpoints_resnet18/cifar10_iid_resnet18/seed0/compromised.pt,9d8460723e87732f0c732a30812ee3059aaa475066cb938221625d2d0d317dc0,cifar10_iid_resnet18/seed0/compromised,,11173962
cifar10_iid_resnet18,cifar10,resnet18,iid,20,4,0.5,30,2,64,sgd,0.05,configs/v7/cifar10_iid_resnet18.json,9d8460723e87732f0c732a30812ee3059aaa475066cb938221625d2d0d317dc0,1.0,0,cf_sameinit,0.7754,0.03155555555555556,0.7754,0.03155555555555556,2188.333307981491,completed,checkpoints_resnet18/cifar10_iid_resnet18/seed0/cf_sameinit_alpha1.00.pt,29c186f052ee3fa4e5a442b8942caeb907e0834e49a7fcd9201b7a500793418b,cifar10_iid_resnet18/seed0/cf_sameinit_alpha1.00,0 1 2 3,11173962
cifar10_iid_resnet18,cifar10,resnet18,iid,20,4,0.5,30,2,64,sgd,0.05,configs/v7/cifar10_iid_resnet18.json,9d8460723e87732f0c732a30812ee3059aaa475066cb938221625d2d0d317dc0,1.0,0,federaser,0.2728,0.019333333333333334,0.7754,0.03155555555555556,540.1245300769806,completed,checkpoints_resnet18/cifar10_iid_resnet18/seed0/federaser_alpha1.00.pt,2c629f74b54382787d453278b318ce580f06c9ea448d59705a2c26a418c34980,cifar10_iid_resnet18/seed0/federaser_alpha1.00,0 1 2 3,11173962
cifar10_iid_resnet18,cifar10,resnet18,iid,20,4,0.5,30,2,64,sgd,0.05,configs/v7/cifar10_iid_resnet18.json,9d8460723e87732f0c732a30812ee3059aaa475066cb938221625d2d0d317dc0,1.0,0,fine_pruning,0.7711,0.618,0.7754,0.03155555555555556,398.64099192619324,completed,checkpoints_resnet18/cifar10_iid_resnet18/seed0/fine_pruning_alpha1.00.pt,ee681eef7853a4ff36f6d2a5b0d946415a81f0842e1d3ee4291acabaf03fa064,cifar10_iid_resnet18/seed0/fine_pruning_alpha1.00,0 1 2 3,11173962
cifar10_iid_resnet18,cifar10,resnet18,iid,20,4,0.5,30,2,64,sgd,0.05,configs/v7/cifar10_iid_resnet18.json,9d8460723e87732f0c732a30812ee3059aaa475066cb938221625d2d0d317dc0,1.0,0,full_retrain,0.7607,0.033666666666666664,0.7754,0.03155555555555556,2193.3062069416046,completed,checkpoints_resnet18/cifar10_iid_resnet18/seed0/full_retrain_alpha1.00.pt,4a453658bc46e2f5dfbfac31692f0dc6243cd6ad55bcf8cc45aa0f231f2bca79,cifar10_iid_resnet18/seed0/full_retrain_alpha1.00,0 1 2 3,11173962
cifar10_iid_resnet18,cifar10,resnet18,iid,20,4,0.5,30,2,64,sgd,0.05,configs/v7/cifar10_iid_resnet18.json,9d8460723e87732f0c732a30812ee3059aaa475066cb938221625d2d0d317dc0,1.0,0,grad_negation,0.792,0.6252222222222222,0.7754,0.03155555555555556,477.03471088409424,completed,checkpoints_resnet18/cifar10_iid_resnet18/seed0/grad_negation_alpha1.00.pt,1821cb727a37da59f93e1f8ca6efdd6b432e924206a60c719235e6f7d0239cdd,cifar10_iid_resnet18/seed0/grad_negation_alpha1.00,0 1 2 3,11173962
cifar10_iid_resnet18,cifar10,resnet18,iid,20,4,0.5,30,2,64,sgd,0.05,configs/v7/cifar10_iid_resnet18.json,9d8460723e87732f0c732a30812ee3059aaa475066cb938221625d2d0d317dc0,1.0,0,short_retrain,0.7729,0.5482222222222223,0.7754,0.03155555555555556,378.75702810287476,completed,checkpoints_resnet18/cifar10_iid_resnet18/seed0/short_retrain_alpha1.00.pt,a5912060200536d1a56b6e3e98d2d7a02ecf507cefac28f29e8d33fe697c3233,cifar10_iid_resnet18/seed0/short_retrain_alpha1.00,0 1 2 3,11173962
cifar10_iid_resnet18,cifar10,resnet18,iid,20,4,0.5,30,2,64,sgd,0.05,configs/v7/cifar10_iid_resnet18.json,fdfdfe9d85cc614adecf5f46f6a8aa8d86c7a7882878b0d624d1efc204843d34,0.0,1,before,0.7434,0.7991111111111111,,,1521.289139032364,completed,checkpoints_resnet18/cifar10_iid_resnet18/seed1/compromised.pt,fdfdfe9d85cc614adecf5f46f6a8aa8d86c7a7882878b0d624d1efc204843d34,cifar10_iid_resnet18/seed1/compromised,,11173962
cifar10_iid_resnet18,cifar10,resnet18,iid,20,4,0.5,30,2,64,sgd,0.05,configs/v7/cifar10_iid_resnet18.json,fdfdfe9d85cc614adecf5f46f6a8aa8d86c7a7882878b0d624d1efc204843d34,1.0,1,cf_sameinit,0.7491,0.033555555555555554,0.7491,0.033555555555555554,2191.5147829055786,completed,checkpoints_resnet18/cifar10_iid_resnet18/seed1/cf_sameinit_alpha1.00.pt,1626f455617afe3aebaeee4357278265aff46acdfc501c2c0c7215b7e6c3dace,cifar10_iid_resnet18/seed1/cf_sameinit_alpha1.00,0 1 2 3,11173962
cifar10_iid_resnet18,cifar10,resnet18,iid,20,4,0.5,30,2,64,sgd,0.05,configs/v7/cifar10_iid_resnet18.json,fdfdfe9d85cc614adecf5f46f6a8aa8d86c7a7882878b0d624d1efc204843d34,1.0,1,federaser,0.1383,0.0008888888888888889,0.7491,0.033555555555555554,537.129579782486,completed,checkpoints_resnet18/cifar10_iid_resnet18/seed1/federaser_alpha1.00.pt,14faddafe1d955f1cb1e80bf67161953ac89819c1daca77a10fc881c88c12745,cifar10_iid_resnet18/seed1/federaser_alpha1.00,0 1 2 3,11173962
cifar10_iid_resnet18,cifar10,resnet18,iid,20,4,0.5,30,2,64,sgd,0.05,configs/v7/cifar10_iid_resnet18.json,fdfdfe9d85cc614adecf5f46f6a8aa8d86c7a7882878b0d624d1efc204843d34,1.0,1,fine_pruning,0.7376,0.48033333333333333,0.7491,0.033555555555555554,396.1409900188446,completed,checkpoints_resnet18/cifar10_iid_resnet18/seed1/fine_pruning_alpha1.00.pt,72663ab1f1988248fcae6e46a694cc35fcf7a9a03a9a4c83a22b0b51761acf31,cifar10_iid_resnet18/seed1/fine_pruning_alpha1.00,0 1 2 3,11173962
cifar10_iid_resnet18,cifar10,resnet18,iid,20,4,0.5,30,2,64,sgd,0.05,configs/v7/cifar10_iid_resnet18.json,fdfdfe9d85cc614adecf5f46f6a8aa8d86c7a7882878b0d624d1efc204843d34,1.0,1,full_retrain,0.7612,0.031,0.7491,0.033555555555555554,2193.177244901657,completed,checkpoints_resnet18/cifar10_iid_resnet18/seed1/full_retrain_alpha1.00.pt,e1a191a6f33f5195872b8b9d339a9eb545051056f25d901981c9eb2abf84273f,cifar10_iid_resnet18/seed1/full_retrain_alpha1.00,0 1 2 3,11173962
cifar10_iid_resnet18,cifar10,resnet18,iid,20,4,0.5,30,2,64,sgd,0.05,configs/v7/cifar10_iid_resnet18.json,fdfdfe9d85cc614adecf5f46f6a8aa8d86c7a7882878b0d624d1efc204843d34,1.0,1,grad_negation,0.8004,0.4101111111111111,0.7491,0.033555555555555554,489.07243394851685,completed,checkpoints_resnet18/cifar10_iid_resnet18/seed1/grad_negation_alpha1.00.pt,807acb3b65a7e1c7cd1290b1be036ea056bbad26530cb7508d99335d458493d4,cifar10_iid_resnet18/seed1/grad_negation_alpha1.00,0 1 2 3,11173962
cifar10_iid_resnet18,cifar10,resnet18,iid,20,4,0.5,30,2,64,sgd,0.05,configs/v7/cifar10_iid_resnet18.json,fdfdfe9d85cc614adecf5f46f6a8aa8d86c7a7882878b0d624d1efc204843d34,1.0,1,short_retrain,0.7708,0.503,0.7491,0.033555555555555554,376.4846889972687,completed,checkpoints_resnet18/cifar10_iid_resnet18/seed1/short_retrain_alpha1.00.pt,1478c8f316d868c528fcac3cbdfa4c76ea274b123552f286eb8e9cfd19bfdb5a,cifar10_iid_resnet18/seed1/short_retrain_alpha1.00,0 1 2 3,11173962
cifar10_iid_resnet18,cifar10,resnet18,iid,20,4,0.5,30,2,64,sgd,0.05,configs/v7/cifar10_iid_resnet18.json,7b35277833edfd567b34d147cbcf27047942a3ffdd99ff7f66114932069e4b19,0.0,2,before,0.7632,0.8617777777777778,,,1536.7158710956573,completed,checkpoints_resnet18/cifar10_iid_resnet18/seed2/compromised.pt,7b35277833edfd567b34d147cbcf27047942a3ffdd99ff7f66114932069e4b19,cifar10_iid_resnet18/seed2/compromised,,11173962
cifar10_iid_resnet18,cifar10,resnet18,iid,20,4,0.5,30,2,64,sgd,0.05,configs/v7/cifar10_iid_resnet18.json,7b35277833edfd567b34d147cbcf27047942a3ffdd99ff7f66114932069e4b19,1.0,2,cf_sameinit,0.7851,0.029222222222222222,0.7851,0.029222222222222222,2123.731905937195,completed,checkpoints_resnet18/cifar10_iid_resnet18/seed2/cf_sameinit_alpha1.00.pt,6d42a65e17001acc2f4745127b9c27fb76f46c69b641d471e4bc7a920aff8d1f,cifar10_iid_resnet18/seed2/cf_sameinit_alpha1.00,0 1 2 3,11173962
cifar10_iid_resnet18,cifar10,resnet18,iid,20,4,0.5,30,2,64,sgd,0.05,configs/v7/cifar10_iid_resnet18.json,7b35277833edfd567b34d147cbcf27047942a3ffdd99ff7f66114932069e4b19,1.0,2,federaser,0.3081,0.0023333333333333335,0.7851,0.029222222222222222,522.548299074173,completed,checkpoints_resnet18/cifar10_iid_resnet18/seed2/federaser_alpha1.00.pt,08b8d5486091288bec5c4a2bc2649e0319db6a04b02b911af59b83befbf3aec6,cifar10_iid_resnet18/seed2/federaser_alpha1.00,0 1 2 3,11173962
cifar10_iid_resnet18,cifar10,resnet18,iid,20,4,0.5,30,2,64,sgd,0.05,configs/v7/cifar10_iid_resnet18.json,7b35277833edfd567b34d147cbcf27047942a3ffdd99ff7f66114932069e4b19,1.0,2,fine_pruning,0.7873,0.8294444444444444,0.7851,0.029222222222222222,389.8518400192261,completed,checkpoints_resnet18/cifar10_iid_resnet18/seed2/fine_pruning_alpha1.00.pt,4546da29875b81462f9d7f03ddf84ef808597fe1d56b40c63e7a9eb1813ccda9,cifar10_iid_resnet18/seed2/fine_pruning_alpha1.00,0 1 2 3,11173962
cifar10_iid_resnet18,cifar10,resnet18,iid,20,4,0.5,30,2,64,sgd,0.05,configs/v7/cifar10_iid_resnet18.json,7b35277833edfd567b34d147cbcf27047942a3ffdd99ff7f66114932069e4b19,1.0,2,full_retrain,0.7754,0.03222222222222222,0.7851,0.029222222222222222,2174.3677639961243,completed,checkpoints_resnet18/cifar10_iid_resnet18/seed2/full_retrain_alpha1.00.pt,92d46fd4197035f97ff9b092a27e86ef64c6fb07ae4248c46817b6b60b05274f,cifar10_iid_resnet18/seed2/full_retrain_alpha1.00,0 1 2 3,11173962
cifar10_iid_resnet18,cifar10,resnet18,iid,20,4,0.5,30,2,64,sgd,0.05,configs/v7/cifar10_iid_resnet18.json,7b35277833edfd567b34d147cbcf27047942a3ffdd99ff7f66114932069e4b19,1.0,2,grad_negation,0.7795,0.46455555555555555,0.7851,0.029222222222222222,503.08465909957886,completed,checkpoints_resnet18/cifar10_iid_resnet18/seed2/grad_negation_alpha1.00.pt,bcff181dcb1a3b4ef4fb2bc457dfb583a8cc479d729d6f6cded8c0667b6cdb1b,cifar10_iid_resnet18/seed2/grad_negation_alpha1.00,0 1 2 3,11173962
cifar10_iid_resnet18,cifar10,resnet18,iid,20,4,0.5,30,2,64,sgd,0.05,configs/v7/cifar10_iid_resnet18.json,7b35277833edfd567b34d147cbcf27047942a3ffdd99ff7f66114932069e4b19,1.0,2,short_retrain,0.7812,0.83,0.7851,0.029222222222222222,364.2975869178772,completed,checkpoints_resnet18/cifar10_iid_resnet18/seed2/short_retrain_alpha1.00.pt,6a91ae389c46d53787fff506118630a20dc1d57909a34711c3fdbbe70c7c32fc,cifar10_iid_resnet18/seed2/short_retrain_alpha1.00,0 1 2 3,11173962
cifar10_iid_resnet18,cifar10,resnet18,iid,20,4,0.5,30,2,64,sgd,0.05,configs/v7/cifar10_iid_resnet18.json,e86c053aa7ec8ad10ac42e5d4d063b11cb9b6ec7b438f1fc14db041928346e6b,0.0,3,before,0.7683,0.942,,,1531.1701140403748,completed,checkpoints_resnet18/cifar10_iid_resnet18/seed3/compromised.pt,e86c053aa7ec8ad10ac42e5d4d063b11cb9b6ec7b438f1fc14db041928346e6b,cifar10_iid_resnet18/seed3/compromised,,11173962
cifar10_iid_resnet18,cifar10,resnet18,iid,20,4,0.5,30,2,64,sgd,0.05,configs/v7/cifar10_iid_resnet18.json,e86c053aa7ec8ad10ac42e5d4d063b11cb9b6ec7b438f1fc14db041928346e6b,1.0,3,cf_sameinit,0.7706,0.027444444444444445,0.7706,0.027444444444444445,2123.9772758483887,completed,checkpoints_resnet18/cifar10_iid_resnet18/seed3/cf_sameinit_alpha1.00.pt,746a2e3778e037256d1a8ac3816c1215f648a679b21d7075bd450babe7b2b0c5,cifar10_iid_resnet18/seed3/cf_sameinit_alpha1.00,0 1 2 3,11173962
cifar10_iid_resnet18,cifar10,resnet18,iid,20,4,0.5,30,2,64,sgd,0.05,configs/v7/cifar10_iid_resnet18.json,e86c053aa7ec8ad10ac42e5d4d063b11cb9b6ec7b438f1fc14db041928346e6b,1.0,3,federaser,0.2204,0.028777777777777777,0.7706,0.027444444444444445,531.8824782371521,completed,checkpoints_resnet18/cifar10_iid_resnet18/seed3/federaser_alpha1.00.pt,a903c70d109ba8f4529ece7cdb8102f3a94fc75ef86b3dd5fe28dbf930fadcea,cifar10_iid_resnet18/seed3/federaser_alpha1.00,0 1 2 3,11173962
cifar10_iid_resnet18,cifar10,resnet18,iid,20,4,0.5,30,2,64,sgd,0.05,configs/v7/cifar10_iid_resnet18.json,e86c053aa7ec8ad10ac42e5d4d063b11cb9b6ec7b438f1fc14db041928346e6b,1.0,3,fine_pruning,0.7775,0.5532222222222222,0.7706,0.027444444444444445,379.7285671234131,completed,checkpoints_resnet18/cifar10_iid_resnet18/seed3/fine_pruning_alpha1.00.pt,d960f8dbeab0eb5f3ff898a1f8b284e09b668d92546ecd031dcbf41e7c27a69c,cifar10_iid_resnet18/seed3/fine_pruning_alpha1.00,0 1 2 3,11173962
cifar10_iid_resnet18,cifar10,resnet18,iid,20,4,0.5,30,2,64,sgd,0.05,configs/v7/cifar10_iid_resnet18.json,e86c053aa7ec8ad10ac42e5d4d063b11cb9b6ec7b438f1fc14db041928346e6b,1.0,3,full_retrain,0.7712,0.031,0.7706,0.027444444444444445,2177.268646001816,completed,checkpoints_resnet18/cifar10_iid_resnet18/seed3/full_retrain_alpha1.00.pt,e6662b399df5b7e5681b928ab84e00eab062d4b53d616ec2fc82d7b9a93da9f8,cifar10_iid_resnet18/seed3/full_retrain_alpha1.00,0 1 2 3,11173962
cifar10_iid_resnet18,cifar10,resnet18,iid,20,4,0.5,30,2,64,sgd,0.05,configs/v7/cifar10_iid_resnet18.json,e86c053aa7ec8ad10ac42e5d4d063b11cb9b6ec7b438f1fc14db041928346e6b,1.0,3,grad_negation,0.7823,0.393,0.7706,0.027444444444444445,502.86351203918457,completed,checkpoints_resnet18/cifar10_iid_resnet18/seed3/grad_negation_alpha1.00.pt,53d450ed58f2119b1ea7554f984b3a560462372a8d8bb25bbb24d6eb6a38d39a,cifar10_iid_resnet18/seed3/grad_negation_alpha1.00,0 1 2 3,11173962
cifar10_iid_resnet18,cifar10,resnet18,iid,20,4,0.5,30,2,64,sgd,0.05,configs/v7/cifar10_iid_resnet18.json,e86c053aa7ec8ad10ac42e5d4d063b11cb9b6ec7b438f1fc14db041928346e6b,1.0,3,short_retrain,0.7513,0.7144444444444444,0.7706,0.027444444444444445,366.6232318878174,completed,checkpoints_resnet18/cifar10_iid_resnet18/seed3/short_retrain_alpha1.00.pt,56fae83a0960b3761ff4313b1c5b88df0f03fdc7e3d5e301cc15dd3111a25586,cifar10_iid_resnet18/seed3/short_retrain_alpha1.00,0 1 2 3,11173962
cifar10_iid_resnet18,cifar10,resnet18,iid,20,4,0.5,30,2,64,sgd,0.05,configs/v7/cifar10_iid_resnet18.json,ca1c718c5938720c62b14f447fb1d370f133ba3f1b0ab0a007f31908acc25bca,0.0,4,before,0.7867,0.9337777777777778,,,1548.2774958610535,completed,checkpoints_resnet18/cifar10_iid_resnet18/seed4/compromised.pt,ca1c718c5938720c62b14f447fb1d370f133ba3f1b0ab0a007f31908acc25bca,cifar10_iid_resnet18/seed4/compromised,,11173962
cifar10_iid_resnet18,cifar10,resnet18,iid,20,4,0.5,30,2,64,sgd,0.05,configs/v7/cifar10_iid_resnet18.json,ca1c718c5938720c62b14f447fb1d370f133ba3f1b0ab0a007f31908acc25bca,1.0,4,cf_sameinit,0.7921,0.022444444444444444,0.7921,0.022444444444444444,1160.0953478813171,completed,checkpoints_resnet18/cifar10_iid_resnet18/seed4/cf_sameinit_alpha1.00.pt,f66e07c1a5326b7b65c59728ef4bd993678dcb4b9fad6b9be6dafb4d94afbfdc,cifar10_iid_resnet18/seed4/cf_sameinit_alpha1.00,0 1 2 3,11173962
cifar10_iid_resnet18,cifar10,resnet18,iid,20,4,0.5,30,2,64,sgd,0.05,configs/v7/cifar10_iid_resnet18.json,ca1c718c5938720c62b14f447fb1d370f133ba3f1b0ab0a007f31908acc25bca,1.0,4,federaser,0.1247,0.010222222222222223,0.7921,0.022444444444444444,280.7247700691223,completed,checkpoints_resnet18/cifar10_iid_resnet18/seed4/federaser_alpha1.00.pt,ca75df3ed16d739fd21d4206e478bae2d0f420fcef2b9b22db0f55a1058671df,cifar10_iid_resnet18/seed4/federaser_alpha1.00,0 1 2 3,11173962
cifar10_iid_resnet18,cifar10,resnet18,iid,20,4,0.5,30,2,64,sgd,0.05,configs/v7/cifar10_iid_resnet18.json,ca1c718c5938720c62b14f447fb1d370f133ba3f1b0ab0a007f31908acc25bca,1.0,4,fine_pruning,0.7738,0.6076666666666667,0.7921,0.022444444444444444,211.1956901550293,completed,checkpoints_resnet18/cifar10_iid_resnet18/seed4/fine_pruning_alpha1.00.pt,5f4e193356d34b38d9b1b4441daec5b6df8a46f5f8e03010bd69d4bcd80b0316,cifar10_iid_resnet18/seed4/fine_pruning_alpha1.00,0 1 2 3,11173962
cifar10_iid_resnet18,cifar10,resnet18,iid,20,4,0.5,30,2,64,sgd,0.05,configs/v7/cifar10_iid_resnet18.json,ca1c718c5938720c62b14f447fb1d370f133ba3f1b0ab0a007f31908acc25bca,1.0,4,full_retrain,0.7749,0.02588888888888889,0.7921,0.022444444444444444,1160.8056530952454,completed,checkpoints_resnet18/cifar10_iid_resnet18/seed4/full_retrain_alpha1.00.pt,06ad1c82074509bec98d10b1695696e2e23c3880df6fb6edc25ae1c4a4c32935,cifar10_iid_resnet18/seed4/full_retrain_alpha1.00,0 1 2 3,11173962
cifar10_iid_resnet18,cifar10,resnet18,iid,20,4,0.5,30,2,64,sgd,0.05,configs/v7/cifar10_iid_resnet18.json,ca1c718c5938720c62b14f447fb1d370f133ba3f1b0ab0a007f31908acc25bca,1.0,4,grad_negation,0.7397,0.3241111111111111,0.7921,0.022444444444444444,273.747230052948,completed,checkpoints_resnet18/cifar10_iid_resnet18/seed4/grad_negation_alpha1.00.pt,3aaadf0d5c7d35328704bce470519221b6d64a36856594ca4d4fc66153367fe2,cifar10_iid_resnet18/seed4/grad_negation_alpha1.00,0 1 2 3,11173962
cifar10_iid_resnet18,cifar10,resnet18,iid,20,4,0.5,30,2,64,sgd,0.05,configs/v7/cifar10_iid_resnet18.json,ca1c718c5938720c62b14f447fb1d370f133ba3f1b0ab0a007f31908acc25bca,1.0,4,short_retrain,0.7639,0.7413333333333333,0.7921,0.022444444444444444,195.37265801429749,completed,checkpoints_resnet18/cifar10_iid_resnet18/seed4/short_retrain_alpha1.00.pt,73fe74f3d28b45ccf614f550ef95a5a5af6c189648c75134d0fb0263ad19350d,cifar10_iid_resnet18/seed4/short_retrain_alpha1.00,0 1 2 3,11173962
